Nombre, Numero, Fecha, Pp, T_Max, T_Min, T_Med, VV_Max, VV, DWW, DV, Rag_G, HR, ET, EP 
CEPAB 2,396,2011-07-29,0,29.2,15.6,21.92,0,0,93.3 E,79.2 NE,<null>,57.28,<null>,<null>,
CEPAB 2,396,2011-07-30,0,24.7,12.9,19.45,0,0,88.8 NE,74 NE,<null>,60.3,<null>,<null>,
CEPAB 2,396,2011-07-31,0,25.9,15.6,20.07,0,0,36.6 N,53.7 NE,<null>,61.38,<null>,<null>,
CEPAB 2,396,2011-08-01,0,26.1,15.2,18.51,0,0,46.8 NE,35.2 N,<null>,70.67,<null>,<null>,
CEPAB 2,396,2011-08-02,0,28.5,19.5,24.85,0,0,82.1 NE,72.1 NE,<null>,45.32,<null>,<null>,
CEPAB 2,396,2011-08-03,0,29.3,13.4,21.47,0,0,65 NE,78.7 NE,<null>,56.75,<null>,<null>,
CEPAB 2,396,2011-08-04,0,25.6,17,21.16,0,0,122.1 E,104.6 E,<null>,61.54,<null>,<null>,
CEPAB 2,396,2011-08-05,1.7,30,15.5,21.2,0,0,81.6 NE,272.6 O,<null>,68.02,<null>,<null>,
CEPAB 2,396,2011-08-06,34,28.3,13.8,20.1,0,0,299.3 O,355.6 NO,<null>,72.82,<null>,<null>,
CEPAB 2,396,2011-08-07,1.3,28.5,13.6,20.21,0,0,,299.5 O,<null>,69.66,<null>,<null>,
CEPAB 2,396,2011-08-08,0,26.2,15.8,20.14,0,0,182.7 S,205.9 S,<null>,69.56,<null>,<null>,
CEPAB 2,396,2011-08-09,7.5,28.4,13.3,19.71,0,0,255.3 SO,,<null>,73.35,<null>,<null>,
CEPAB 2,396,2011-08-10,4.8,29.3,15.7,21.38,0,0,221.9 S,174.7 SE,<null>,70.22,<null>,<null>,
CEPAB 2,396,2011-08-11,0.6,29.1,13.8,21.57,0,0,246.2 SO,219.8 S,<null>,65.9,<null>,<null>,
CEPAB 2,396,2011-08-12,0.3,29.4,15.7,21.58,0,0,281 O,103.4 E,<null>,69.09,<null>,<null>,
CEPAB 2,396,2011-08-13,0,28.7,15,21.44,0,0,192 S,180.5 S,<null>,66.81,<null>,<null>,
CEPAB 2,396,2011-08-14,0,28,13,20.28,0,0,189.1 S,175 SE,<null>,66.31,<null>,<null>,
CEPAB 2,396,2011-08-15,0,28.3,13.4,21.14,0,0,138.6 SE,72 NE,<null>,55.35,<null>,<null>,
CEPAB 2,396,2011-08-16,0,29.4,13.2,21.33,0,0,49.3 NE,57.2 NE,<null>,53.29,<null>,<null>,
CEPAB 2,396,2011-08-17,0,29.2,11.9,21.13,0,0,51.4 NE,48.4 NE,<null>,54.05,<null>,<null>,
CEPAB 2,396,2011-08-18,0,29.8,12.7,21.16,0,0,57.8 NE,61.5 NE,<null>,47.24,<null>,<null>,
CEPAB 2,396,2011-08-19,0,29.6,12.1,21.34,0,0,170.1 SE,114.8 E,<null>,49.28,<null>,<null>,
CEPAB 2,396,2011-08-20,0,30.4,13.7,22.18,0,0,118.8 E,88.1 NE,<null>,48.83,<null>,<null>,
CEPAB 2,396,2011-08-21,0,28.1,13.3,21.32,0,0,126.5 E,69.2 NE,<null>,54.55,<null>,<null>,
CEPAB 2,396,2011-08-22,0,26.8,15.5,20.7,0,0,48.4 NE,59.3 NE,<null>,61.53,<null>,<null>,
CEPAB 2,396,2011-08-23,0,26.4,15.8,20.83,0,0,61.8 NE,51.5 NE,<null>,62.93,<null>,<null>,
CEPAB 2,396,2011-08-24,0,29.7,14.3,21.51,0,0,148.9 SE,121.6 E,<null>,64.6,<null>,<null>,
CEPAB 2,396,2011-08-25,0,29.1,13.7,21.54,0,0,96.1 E,113.5 E,<null>,61.53,<null>,<null>,
CEPAB 2,396,2011-08-26,4.6,26.3,14.1,20.82,0,0,71.9 NE,65.7 NE,<null>,65.87,<null>,<null>,
CEPAB 2,396,2011-08-27,1.1,25.6,15.8,19.85,0,0,76.1 NE,74 NE,<null>,77.46,<null>,<null>,
CEPAB 2,396,2011-08-28,5.2,25.8,14.7,18.56,0,0,191.7 S,229.4 SO,<null>,80.73,<null>,<null>,
CEPAB 2,396,2011-08-29,0,27.4,12.1,19.84,0,0,,92.1 E,<null>,65.68,<null>,<null>,
CEPAB 2,396,2011-08-30,0,27.6,11.3,19.92,0,0,7.3 N,12.1 N,<null>,59.54,<null>,<null>,
CEPAB 2,396,2011-08-31,0,26.6,12.8,19.31,0,0,10.5 N,80.9 NE,<null>,66.69,<null>,<null>,
CEPAB 2,396,2011-09-01,6.1,22.3,16.7,18.65,0,0,190.9 S,205.8 S,<null>,85.51,<null>,<null>,
CEPAB 2,396,2011-09-02,3.1,27.7,16.7,20.69,0,0,193.6 S,189.4 S,<null>,76.94,<null>,<null>,
CEPAB 2,396,2011-09-03,27.8,23.2,14.8,17.97,0,0,28.3 N,203.4 S,<null>,82.09,<null>,<null>,
CEPAB 2,396,2011-09-04,12.1,26.2,15.7,19.47,0,0,184.2 S,323 NO,<null>,79.46,<null>,<null>,
CEPAB 2,396,2011-09-05,0,23.9,15.1,19.58,0,0,191.9 S,61.2 NE,<null>,70.62,<null>,<null>,
CEPAB 2,396,2011-09-06,0,24.7,13.6,18.54,0,0,67.1 NE,58.1 NE,<null>,72.28,<null>,<null>,
CEPAB 2,396,2011-09-07,0,25.3,10.6,18,0,0,159 SE,88.7 NE,<null>,59.98,<null>,<null>,
CEPAB 2,396,2011-09-08,0,25.2,6.4,16.29,0,0,139.9 SE,119 E,<null>,56.03,<null>,<null>,
CEPAB 2,396,2011-09-09,0,25.4,7.1,16.94,0,0,61.6 NE,58.2 NE,<null>,56.73,<null>,<null>,
CEPAB 2,396,2011-09-10,0,25.7,9.4,18.08,0,0,65.2 NE,171.5 SE,<null>,53.83,<null>,<null>,
CEPAB 2,396,2011-09-11,0,25,9,17.58,0,0,170.5 SE,80.9 NE,<null>,62.54,<null>,<null>,
CEPAB 2,396,2011-09-12,0,26.4,15.4,20.21,0,0,66.5 NE,63.8 NE,<null>,62.97,<null>,<null>,
CEPAB 2,396,2011-09-13,0,28.6,10.7,19.97,0,0,20 N,54 NE,<null>,57.84,<null>,<null>,
CEPAB 2,396,2011-09-14,0,29.9,10.7,20.85,0,0,176.2 SE,148.7 SE,<null>,52.93,<null>,<null>,
CEPAB 2,396,2011-09-15,0,28.4,13.1,20.81,0,0,90.3 E,104.4 E,<null>,50.56,<null>,<null>,
CEPAB 2,396,2011-09-16,0,27,11.9,19.85,0,0,171.3 SE,128.9 E,<null>,61.18,<null>,<null>,
CEPAB 2,396,2011-09-17,0,27.5,12.8,20.16,0,0,190.1 S,185.6 S,<null>,68.86,<null>,<null>,
CEPAB 2,396,2011-09-18,8.1,26.9,16,19.72,0,0,,5.4 N,<null>,75.1,<null>,<null>,
CEPAB 2,396,2011-09-19,15.3,24.6,15.6,17.57,0,0,336 NO,333.8 NO,<null>,86.67,<null>,<null>,
CEPAB 2,396,2011-09-20,0,26,12.9,18.86,0,0,343.4 NO,356.2 NO,<null>,72.42,<null>,<null>,
CEPAB 2,396,2011-09-21,0,26,12.1,18.84,0,0,19.8 N,27.1 N,<null>,67.19,<null>,<null>,
CEPAB 2,396,2011-09-22,0,24,10.5,16.1,0,0,23.8 N,24.5 N,<null>,77.33,<null>,<null>,
CEPAB 2,396,2011-09-23,<null>,<null>,<null>,<null>,<null>,<null>,0 NE,<null> N,<null>,<null>,<null>,<null>,
CEPAB 2,396,2011-09-24,<null>,<null>,<null>,<null>,<null>,<null>,0 NE,<null> N,<null>,<null>,<null>,<null>,
CEPAB 2,396,2011-09-25,<null>,<null>,<null>,<null>,<null>,<null>,0 NE,<null> N,<null>,<null>,<null>,<null>,
CEPAB 2,396,2011-09-26,<null>,<null>,<null>,<null>,<null>,<null>,0 NE,<null> N,<null>,<null>,<null>,<null>,
CEPAB 2,396,2011-09-27,<null>,<null>,<null>,<null>,<null>,<null>,0 NE,<null> N,<null>,<null>,<null>,<null>,
CEPAB 2,396,2011-09-28,<null>,<null>,<null>,<null>,<null>,<null>,0 NE,<null> N,<null>,<null>,<null>,<null>,
CEPAB 2,396,2011-09-29,<null>,<null>,<null>,<null>,<null>,<null>,0 NE,<null> N,<null>,<null>,<null>,<null>,
CEPAB 2,396,2011-09-30,<null>,<null>,<null>,<null>,<null>,<null>,0 NE,<null> N,<null>,<null>,<null>,<null>,
CEPAB 2,396,2011-10-01,<null>,<null>,<null>,<null>,<null>,<null>,0 NE,<null> N,<null>,<null>,<null>,<null>,
CEPAB 2,396,2011-10-02,<null>,<null>,<null>,<null>,<null>,<null>,0 NE,<null> N,<null>,<null>,<null>,<null>,
CEPAB 2,396,2011-10-03,<null>,<null>,<null>,<null>,<null>,<null>,0 NE,<null> N,<null>,<null>,<null>,<null>,
CEPAB 2,396,2011-10-04,<null>,<null>,<null>,<null>,<null>,<null>,0 NE,<null> N,<null>,<null>,<null>,<null>,
CEPAB 2,396,2011-10-05,<null>,<null>,<null>,<null>,<null>,<null>,0 NE,<null> N,<null>,<null>,<null>,<null>,
CEPAB 2,396,2011-10-06,<null>,<null>,<null>,<null>,<null>,<null>,0 NE,<null> N,<null>,<null>,<null>,<null>,
CEPAB 2,396,2011-10-07,<null>,<null>,<null>,<null>,<null>,<null>,0 NE,<null> N,<null>,<null>,<null>,<null>,
CEPAB 2,396,2011-10-08,<null>,<null>,<null>,<null>,<null>,<null>,0 NE,<null> N,<null>,<null>,<null>,<null>,
CEPAB 2,396,2011-10-09,<null>,<null>,<null>,<null>,<null>,<null>,0 NE,<null> N,<null>,<null>,<null>,<null>,
CEPAB 2,396,2011-10-10,<null>,<null>,<null>,<null>,<null>,<null>,0 NE,<null> N,<null>,<null>,<null>,<null>,
CEPAB 2,396,2011-10-11,<null>,<null>,<null>,<null>,<null>,<null>,0 NE,<null> N,<null>,<null>,<null>,<null>,
CEPAB 2,396,2011-10-12,<null>,<null>,<null>,<null>,<null>,<null>,0 NE,<null> N,<null>,<null>,<null>,<null>,
CEPAB 2,396,2011-10-13,<null>,<null>,<null>,<null>,<null>,<null>,0 NE,<null> N,<null>,<null>,<null>,<null>,
CEPAB 2,396,2011-10-14,<null>,<null>,<null>,<null>,<null>,<null>,0 NE,<null> N,<null>,<null>,<null>,<null>,
CEPAB 2,396,2011-10-15,<null>,<null>,<null>,<null>,<null>,<null>,0 NE,<null> N,<null>,<null>,<null>,<null>,
CEPAB 2,396,2011-10-16,<null>,<null>,<null>,<null>,<null>,<null>,0 NE,<null> N,<null>,<null>,<null>,<null>,
CEPAB 2,396,2011-10-17,<null>,<null>,<null>,<null>,<null>,<null>,0 NE,<null> N,<null>,<null>,<null>,<null>,
CEPAB 2,396,2011-10-18,<null>,<null>,<null>,<null>,<null>,<null>,0 NE,<null> N,<null>,<null>,<null>,<null>,
CEPAB 2,396,2011-10-19,<null>,<null>,<null>,<null>,<null>,<null>,0 NE,<null> N,<null>,<null>,<null>,<null>,
CEPAB 2,396,2011-10-20,<null>,<null>,<null>,<null>,<null>,<null>,0 NE,<null> N,<null>,<null>,<null>,<null>,
CEPAB 2,396,2011-10-21,<null>,<null>,<null>,<null>,<null>,<null>,0 NE,<null> N,<null>,<null>,<null>,<null>,
CEPAB 2,396,2011-10-22,<null>,<null>,<null>,<null>,<null>,<null>,0 NE,<null> N,<null>,<null>,<null>,<null>,
CEPAB 2,396,2011-10-23,<null>,<null>,<null>,<null>,<null>,<null>,0 NE,<null> N,<null>,<null>,<null>,<null>,
CEPAB 2,396,2011-10-24,<null>,<null>,<null>,<null>,<null>,<null>,0 NE,<null> N,<null>,<null>,<null>,<null>,
CEPAB 2,396,2011-10-25,<null>,<null>,<null>,<null>,<null>,<null>,0 NE,<null> N,<null>,<null>,<null>,<null>,
CEPAB 2,396,2011-10-26,<null>,<null>,<null>,<null>,<null>,<null>,0 NE,<null> N,<null>,<null>,<null>,<null>,
CEPAB 2,396,2011-10-27,<null>,<null>,<null>,<null>,<null>,<null>,0 NE,<null> N,<null>,<null>,<null>,<null>,
CEPAB 2,396,2011-10-28,<null>,<null>,<null>,<null>,<null>,<null>,0 NE,<null> N,<null>,<null>,<null>,<null>,
CEPAB 2,396,2011-10-29,<null>,<null>,<null>,<null>,<null>,<null>,0 NE,<null> N,<null>,<null>,<null>,<null>,
CEPAB 2,396,2011-10-30,<null>,<null>,<null>,<null>,<null>,<null>,0 NE,<null> N,<null>,<null>,<null>,<null>,
CEPAB 2,396,2011-10-31,<null>,<null>,<null>,<null>,<null>,<null>,0 NE,<null> N,<null>,<null>,<null>,<null>,
CEPAB 2,396,2011-11-01,<null>,<null>,<null>,<null>,<null>,<null>,0 NE,<null> N,<null>,<null>,<null>,<null>,
CEPAB 2,396,2011-11-02,<null>,<null>,<null>,<null>,<null>,<null>,0 NE,<null> N,<null>,<null>,<null>,<null>,
CEPAB 2,396,2011-11-03,<null>,<null>,<null>,<null>,<null>,<null>,0 NE,<null> N,<null>,<null>,<null>,<null>,
CEPAB 2,396,2011-11-04,<null>,<null>,<null>,<null>,<null>,<null>,0 NE,<null> N,<null>,<null>,<null>,<null>,
CEPAB 2,396,2011-11-05,<null>,<null>,<null>,<null>,<null>,<null>,0 NE,<null> N,<null>,<null>,<null>,<null>,
CEPAB 2,396,2011-11-06,<null>,<null>,<null>,<null>,<null>,<null>,0 NE,<null> N,<null>,<null>,<null>,<null>,
CEPAB 2,396,2011-11-07,<null>,<null>,<null>,<null>,<null>,<null>,0 NE,<null> N,<null>,<null>,<null>,<null>,
CEPAB 2,396,2011-11-08,1.5,26.7,23.5,25.18,0,0,320.9 NO,,<null>,32.5,<null>,<null>,
CEPAB 2,396,2011-11-09,0,<null>,<null>,<null>,0,0,321.8 NO,322 NO,<null>,<null>,<null>,<null>,
CEPAB 2,396,2011-11-10,0,<null>,<null>,<null>,0,0,325.3 NO,327.5 NO,<null>,4.44,<null>,<null>,
CEPAB 2,396,2011-11-11,0.6,<null>,<null>,<null>,0,0,305.1 O,308.8 O,<null>,13.81,<null>,<null>,
CEPAB 2,396,2011-11-12,0,<null>,<null>,<null>,0,0,326.6 NO,320.5 NO,<null>,9.28,<null>,<null>,
CEPAB 2,396,2011-11-13,0,<null>,<null>,<null>,0,0,324.2 NO,325.2 NO,<null>,2.28,<null>,<null>,
CEPAB 2,396,2011-11-14,0,<null>,<null>,<null>,0,0,325.3 NO,330.9 NO,<null>,<null>,<null>,<null>,
CEPAB 2,396,2011-11-15,<null>,<null>,<null>,<null>,<null>,<null>,0 NE,<null> N,<null>,<null>,<null>,<null>,
CEPAB 2,396,2011-11-16,<null>,<null>,<null>,<null>,<null>,<null>,0 NE,<null> N,<null>,<null>,<null>,<null>,
CEPAB 2,396,2011-11-17,<null>,<null>,<null>,<null>,<null>,<null>,0 NE,<null> N,<null>,<null>,<null>,<null>,
CEPAB 2,396,2011-11-18,<null>,<null>,<null>,<null>,<null>,<null>,0 NE,<null> N,<null>,<null>,<null>,<null>,
CEPAB 2,396,2011-11-19,<null>,<null>,<null>,<null>,<null>,<null>,0 NE,<null> N,<null>,<null>,<null>,<null>,
CEPAB 2,396,2011-11-20,<null>,<null>,<null>,<null>,<null>,<null>,0 NE,<null> N,<null>,<null>,<null>,<null>,
CEPAB 2,396,2011-11-21,<null>,<null>,<null>,<null>,<null>,<null>,0 NE,<null> N,<null>,<null>,<null>,<null>,
CEPAB 2,396,2011-11-22,<null>,<null>,<null>,<null>,<null>,<null>,0 NE,<null> N,<null>,<null>,<null>,<null>,
CEPAB 2,396,2011-11-23,<null>,<null>,<null>,<null>,<null>,<null>,0 NE,<null> N,<null>,<null>,<null>,<null>,
CEPAB 2,396,2011-11-24,<null>,<null>,<null>,<null>,<null>,<null>,0 NE,<null> N,<null>,<null>,<null>,<null>,
CEPAB 2,396,2011-11-25,<null>,<null>,<null>,<null>,<null>,<null>,0 NE,<null> N,<null>,<null>,<null>,<null>,
CEPAB 2,396,2011-11-26,<null>,<null>,<null>,<null>,<null>,<null>,0 NE,<null> N,<null>,<null>,<null>,<null>,
CEPAB 2,396,2011-11-27,<null>,<null>,<null>,<null>,<null>,<null>,0 NE,<null> N,<null>,<null>,<null>,<null>,
CEPAB 2,396,2011-11-28,<null>,<null>,<null>,<null>,<null>,<null>,0 NE,<null> N,<null>,<null>,<null>,<null>,
CEPAB 2,396,2011-11-29,0,<null>,<null>,<null>,0,0,323.9 NO,324.1 NO,<null>,<null>,<null>,<null>,
CEPAB 2,396,2011-11-30,0,<null>,<null>,<null>,0,0,325.3 NO,325.9 NO,<null>,<null>,<null>,<null>,
CEPAB 2,396,2011-12-01,0,<null>,<null>,<null>,0,0,320 NO,322.2 NO,<null>,<null>,<null>,<null>,
CEPAB 2,396,2011-12-02,0,<null>,<null>,<null>,0,0,323.1 NO,323.5 NO,<null>,<null>,<null>,<null>,
CEPAB 2,396,2011-12-03,<null>,<null>,<null>,<null>,<null>,<null>,0 NE,<null> N,<null>,<null>,<null>,<null>,
CEPAB 2,396,2011-12-04,<null>,<null>,<null>,<null>,<null>,<null>,0 NE,<null> N,<null>,<null>,<null>,<null>,
CEPAB 2,396,2011-12-05,<null>,<null>,<null>,<null>,<null>,<null>,0 NE,<null> N,<null>,<null>,<null>,<null>,
CEPAB 2,396,2011-12-06,<null>,<null>,<null>,<null>,<null>,<null>,0 NE,<null> N,<null>,<null>,<null>,<null>,
CEPAB 2,396,2011-12-07,<null>,<null>,<null>,<null>,<null>,<null>,0 NE,<null> N,<null>,<null>,<null>,<null>,
CEPAB 2,396,2011-12-08,<null>,<null>,<null>,<null>,<null>,<null>,0 NE,<null> N,<null>,<null>,<null>,<null>,
CEPAB 2,396,2011-12-09,<null>,<null>,<null>,<null>,<null>,<null>,0 NE,<null> N,<null>,<null>,<null>,<null>,
CEPAB 2,396,2011-12-10,<null>,<null>,<null>,<null>,<null>,<null>,0 NE,<null> N,<null>,<null>,<null>,<null>,
CEPAB 2,396,2011-12-11,<null>,<null>,<null>,<null>,<null>,<null>,0 NE,<null> N,<null>,<null>,<null>,<null>,
CEPAB 2,396,2011-12-12,<null>,<null>,<null>,<null>,<null>,<null>,0 NE,<null> N,<null>,<null>,<null>,<null>,
CEPAB 2,396,2011-12-13,0,<null>,<null>,<null>,0,0,318.6 NO,321.4 NO,<null>,<null>,<null>,<null>,
CEPAB 2,396,2011-12-14,0,<null>,<null>,<null>,0,0,318.9 NO,321 NO,<null>,<null>,<null>,<null>,
CEPAB 2,396,2011-12-15,0,<null>,<null>,<null>,0,0,325.5 NO,323.4 NO,<null>,<null>,<null>,<null>,
CEPAB 2,396,2011-12-16,0,<null>,<null>,<null>,0,0,325.5 NO,323.5 NO,<null>,<null>,<null>,<null>,
CEPAB 2,396,2011-12-17,0,<null>,<null>,<null>,0,0,313.9 O,313.9 O,<null>,7.9,<null>,<null>,
CEPAB 2,396,2011-12-18,0,<null>,<null>,<null>,0,0,302.1 O,300.2 O,<null>,21.24,<null>,<null>,
CEPAB 2,396,2011-12-19,0,<null>,<null>,<null>,0,0,316.7 NO,325.6 NO,<null>,<null>,<null>,<null>,
CEPAB 2,396,2011-12-20,0,<null>,<null>,<null>,0,0,316.1 NO,322 NO,<null>,<null>,<null>,<null>,
CEPAB 2,396,2011-12-21,0,<null>,<null>,<null>,0,0,328.6 NO,324.6 NO,<null>,4.64,<null>,<null>,
CEPAB 2,396,2011-12-22,0,<null>,<null>,<null>,0,0,335.1 NO,320.4 NO,<null>,7.89,<null>,<null>,
CEPAB 2,396,2011-12-23,0,<null>,<null>,<null>,0,0,325.5 NO,325.5 NO,<null>,<null>,<null>,<null>,
CEPAB 2,396,2011-12-24,0,<null>,<null>,<null>,0,0,323.8 NO,324.3 NO,<null>,<null>,<null>,<null>,
CEPAB 2,396,2011-12-25,0,<null>,<null>,<null>,0,0,324.4 NO,323.6 NO,<null>,<null>,<null>,<null>,
CEPAB 2,396,2011-12-26,0,<null>,<null>,<null>,0,0,320.8 NO,323.1 NO,<null>,<null>,<null>,<null>,
CEPAB 2,396,2011-12-27,0,<null>,<null>,<null>,0,0,324.2 NO,323.9 NO,<null>,<null>,<null>,<null>,
CEPAB 2,396,2011-12-28,0,<null>,<null>,<null>,0,0,325.5 NO,325.5 NO,<null>,<null>,<null>,<null>,
CEPAB 2,396,2011-12-29,0.3,<null>,<null>,<null>,0,0,325.5 NO,323.7 NO,<null>,<null>,<null>,<null>,
CEPAB 2,396,2011-12-30,0,<null>,<null>,<null>,0,0,325.3 NO,323.6 NO,<null>,<null>,<null>,<null>,
CEPAB 2,396,2011-12-31,0,<null>,<null>,<null>,0,0,319.8 NO,322.1 NO,<null>,<null>,<null>,<null>,
CEPAB 2,396,2012-01-01,0,<null>,<null>,<null>,0,0,324.7 NO,325.6 NO,<null>,<null>,<null>,<null>,
CEPAB 2,396,2012-01-02,0,<null>,<null>,<null>,0,0,328.7 NO,305.3 O,<null>,12.85,<null>,<null>,
CEPAB 2,396,2012-01-03,0,<null>,<null>,<null>,0,0,274.1 O,292.5 O,<null>,21.65,<null>,<null>,
CEPAB 2,396,2012-01-04,0,<null>,<null>,<null>,0,0,308.8 O,318.3 NO,<null>,6.3,<null>,<null>,
CEPAB 2,396,2012-01-05,0,<null>,<null>,<null>,0,0,325.3 NO,324.7 NO,<null>,<null>,<null>,<null>,
CEPAB 2,396,2012-01-06,0,<null>,<null>,<null>,0,0,327.4 NO,326.9 NO,<null>,<null>,<null>,<null>,
CEPAB 2,396,2012-01-07,0,<null>,<null>,<null>,0,0,324.7 NO,324.1 NO,<null>,<null>,<null>,<null>,
CEPAB 2,396,2012-01-08,0,<null>,<null>,<null>,0,0,325.3 NO,324.5 NO,<null>,<null>,<null>,<null>,
CEPAB 2,396,2012-01-09,0,<null>,<null>,<null>,0,0,325.5 NO,325 NO,<null>,<null>,<null>,<null>,
CEPAB 2,396,2012-01-10,0,<null>,<null>,<null>,0,0,325.2 NO,324.7 NO,<null>,<null>,<null>,<null>,
CEPAB 2,396,2012-01-11,0.3,<null>,<null>,<null>,0,0,325.5 NO,324.6 NO,<null>,<null>,<null>,<null>,
CEPAB 2,396,2012-01-12,0.3,<null>,<null>,<null>,0,0,325.3 NO,323.9 NO,<null>,<null>,<null>,<null>,
CEPAB 2,396,2012-01-13,0.3,<null>,<null>,<null>,0,0,324.4 NO,323.8 NO,<null>,<null>,<null>,<null>,
CEPAB 2,396,2012-01-14,0,<null>,<null>,<null>,0,0,325.3 NO,325.1 NO,<null>,<null>,<null>,<null>,
CEPAB 2,396,2012-01-15,0,<null>,<null>,<null>,0,0,326.6 NO,327.9 NO,<null>,<null>,<null>,<null>,
CEPAB 2,396,2012-01-16,0,<null>,<null>,<null>,0,0,325.5 NO,324 NO,<null>,<null>,<null>,<null>,
CEPAB 2,396,2012-01-17,0,<null>,<null>,<null>,0,0,324.3 NO,323.5 NO,<null>,<null>,<null>,<null>,
CEPAB 2,396,2012-01-18,0.3,<null>,<null>,<null>,0,0,324.1 NO,324 NO,<null>,<null>,<null>,<null>,
CEPAB 2,396,2012-01-19,0.3,<null>,<null>,<null>,0,0,324.4 NO,323.7 NO,<null>,<null>,<null>,<null>,
CEPAB 2,396,2012-01-20,0,<null>,<null>,<null>,0,0,324.1 NO,323.6 NO,<null>,<null>,<null>,<null>,
CEPAB 2,396,2012-01-21,0,<null>,<null>,<null>,0,0,324.2 NO,323.3 NO,<null>,<null>,<null>,<null>,
CEPAB 2,396,2012-01-22,0,<null>,<null>,<null>,0,0,325.2 NO,323.3 NO,<null>,<null>,<null>,<null>,
CEPAB 2,396,2012-01-23,0,<null>,<null>,<null>,0,0,325 NO,323.3 NO,<null>,<null>,<null>,<null>,
CEPAB 2,396,2012-01-24,0,<null>,<null>,<null>,0,0,323 NO,323.8 NO,<null>,<null>,<null>,<null>,
CEPAB 2,396,2012-01-25,0,<null>,<null>,<null>,0,0,325.5 NO,323.6 NO,<null>,<null>,<null>,<null>,
CEPAB 2,396,2012-01-26,0,<null>,<null>,<null>,0,0,324.4 NO,323.8 NO,<null>,<null>,<null>,<null>,
CEPAB 2,396,2012-01-27,0.3,<null>,<null>,<null>,0,0,325.8 NO,324.2 NO,<null>,<null>,<null>,<null>,
CEPAB 2,396,2012-01-28,0,<null>,<null>,<null>,0,0,325.5 NO,324.1 NO,<null>,<null>,<null>,<null>,
CEPAB 2,396,2012-01-29,0,<null>,<null>,<null>,0,0,325.6 NO,327.2 NO,<null>,72.05,<null>,<null>,
CEPAB 2,396,2012-01-30,0,-6.4,-11.8,-9.75,0,0,294.9 O,278.8 O,<null>,56.42,<null>,<null>,
CEPAB 2,396,2012-01-31,0,-0.5,-11.8,-6.95,0,0,258.1 SO,262.7 SO,<null>,36.55,<null>,<null>,
CEPAB 2,396,2012-02-01,0,-5.1,-8.9,-6.82,0,0,279.2 O,292 O,<null>,25.22,<null>,<null>,
CEPAB 2,396,2012-02-02,0.3,<null>,<null>,<null>,0,0,309.5 O,309.7 O,<null>,16.35,<null>,<null>,
CEPAB 2,396,2012-02-03,0,<null>,<null>,<null>,0,0,326.1 NO,325.5 NO,<null>,2.56,<null>,<null>,
CEPAB 2,396,2012-02-04,0,<null>,<null>,<null>,0,0,325.3 NO,323.2 NO,<null>,<null>,<null>,<null>,
CEPAB 2,396,2012-02-05,0,<null>,<null>,<null>,0,0,324.1 NO,324.1 NO,<null>,<null>,<null>,<null>,
CEPAB 2,396,2012-02-06,0,<null>,<null>,<null>,0,0,325.9 NO,327 NO,<null>,1.4,<null>,<null>,
CEPAB 2,396,2012-02-07,0,<null>,<null>,<null>,0,0,325.3 NO,326.4 NO,<null>,<null>,<null>,<null>,
CEPAB 2,396,2012-02-08,0,<null>,<null>,<null>,0,0,329 NO,331.8 NO,<null>,<null>,<null>,<null>,
CEPAB 2,396,2012-02-09,3.9,<null>,<null>,<null>,0,0,308.2 O,311.9 O,<null>,14.78,<null>,<null>,
CEPAB 2,396,2012-02-10,0,<null>,<null>,<null>,0,0,315.3 NO,300.7 O,<null>,19.54,<null>,<null>,
CEPAB 2,396,2012-02-11,0,9.9,-8.9,3.05,0,0,298.3 O,249.2 SO,<null>,46.69,<null>,<null>,
CEPAB 2,396,2012-02-12,<null>,25.6,9.1,19.77,0,0,300.5 O,249.7 SO,<null>,69.72,<null>,<null>,
CEPAB 2,396,2012-02-13,<null>,32.9,-5.4,15.15,0,0,172.5 SE,214 S,<null>,74.62,<null>,<null>,
CEPAB 2,396,2012-02-14,0,31,1.4,14.41,0,0,243.7 SO,225.5 SO,<null>,72.32,<null>,<null>,
CEPAB 2,396,2012-02-15,0,23.4,-2.3,12.27,0,0,237.3 SO,235.9 SO,<null>,68.5,<null>,<null>,
CEPAB 2,396,2012-02-16,0,29.6,11.5,19.95,0,0,225.8 SO,222.7 S,<null>,75.39,<null>,<null>,
CEPAB 2,396,2012-02-17,0,24.4,-7.3,13.15,0,0,242.6 SO,258.8 SO,<null>,61.73,<null>,<null>,
CEPAB 2,396,2012-02-18,0,13.1,-8.3,1.94,0,0,291.4 O,288.3 O,<null>,51.19,<null>,<null>,
CEPAB 2,396,2012-02-19,0,<null>,<null>,<null>,0,0,335.5 NO,328.7 NO,<null>,5.86,<null>,<null>,
CEPAB 2,396,2012-02-20,0.3,<null>,<null>,<null>,0,0,325.3 NO,322.8 NO,<null>,<null>,<null>,<null>,
CEPAB 2,396,2012-02-21,0.3,<null>,<null>,<null>,0,0,323.5 NO,322.7 NO,<null>,<null>,<null>,<null>,
CEPAB 2,396,2012-02-22,0,<null>,<null>,<null>,0,0,325.3 NO,323.6 NO,<null>,<null>,<null>,<null>,
CEPAB 2,396,2012-02-23,0,<null>,<null>,<null>,0,0,321.1 NO,325.9 NO,<null>,<null>,<null>,<null>,
CEPAB 2,396,2012-02-24,0,<null>,<null>,<null>,0,0,335.8 NO,328.3 NO,<null>,3.39,<null>,<null>,
CEPAB 2,396,2012-02-25,0.3,<null>,<null>,<null>,0,0,324.7 NO,327.9 NO,<null>,<null>,<null>,<null>,
CEPAB 2,396,2012-02-26,0,<null>,<null>,<null>,0,0,325.3 NO,323 NO,<null>,<null>,<null>,<null>,
CEPAB 2,396,2012-02-27,0.3,<null>,<null>,<null>,0,0,323 NO,322.2 NO,<null>,<null>,<null>,<null>,
CEPAB 2,396,2012-02-28,0,<null>,<null>,<null>,0,0,322.7 NO,321.7 NO,<null>,<null>,<null>,<null>,
CEPAB 3,4080,2011-07-30,<null>,25,12.9,19.45,22.2,6.22,108.2 E,170.8 SE,<null>,62.71,<null>,<null>,
CEPAB 3,4080,2011-07-31,<null>,25.9,15.6,20.03,25.7,8.67,157.6 SE,153.8 SE,<null>,63.81,<null>,<null>,
CEPAB 3,4080,2011-08-01,<null>,25.7,15.1,18.45,20.1,6.03,156 SE,128.9 E,<null>,73.15,<null>,<null>,
CEPAB 3,4080,2011-08-02,<null>,28.8,18.2,24.7,16,6.21,148.1 SE,155.7 SE,<null>,48.22,<null>,<null>,
CEPAB 3,4080,2011-08-03,<null>,28.7,12.7,21.41,15,3.03,117.2 E,173.5 SE,<null>,59.29,<null>,<null>,
CEPAB 3,4080,2011-08-04,<null>,26.2,17,21.28,17.2,4.71,227.3 SO,234.5 SO,<null>,62.91,<null>,<null>,
CEPAB 3,4080,2011-08-05,<null>,30.5,15.3,21.45,23.4,3.15,273.3 O,273 O,<null>,70.05,<null>,<null>,
CEPAB 3,4080,2011-08-06,<null>,28.1,14.3,20.18,18.8,5.3,120.4 E,104.9 E,<null>,74.97,<null>,<null>,
CEPAB 3,4080,2011-08-07,<null>,28.8,15.8,21.2,23.1,6.31,131.8 E,108 E,<null>,64.87,<null>,<null>,
CEPAB 3,4080,2011-08-08,<null>,26.7,17.9,22.86,19,7.52,39.1 N,109.8 E,<null>,60.1,<null>,<null>,
CEPAB 3,4080,2011-08-09,<null>,28.5,13,19.73,26.1,5.09,80.4 NE,113.1 E,<null>,74.34,<null>,<null>,
CEPAB 3,4080,2011-08-10,<null>,29.8,16.6,24.47,9.6,3.86,326.9 NO,2.4 N,<null>,58.75,<null>,<null>,
CEPAB 3,4080,2011-08-11,<null>,29.4,14.5,21.57,16.8,3.32,329.4 NO,357.5 NO,<null>,68.36,<null>,<null>,
CEPAB 3,4080,2011-08-12,<null>,30.2,15.9,21.55,21.3,3.78,174.7 SE,268.8 SO,<null>,68.89,<null>,<null>,
CEPAB 3,4080,2011-08-13,<null>,29,14.9,21.44,15.4,2.87,322.3 NO,299.1 O,<null>,68.45,<null>,<null>,
CEPAB 3,4080,2011-08-14,<null>,27.9,12.8,20.37,15.4,3.76,251.5 SO,297.5 O,<null>,65.38,<null>,<null>,
CEPAB 3,4080,2011-08-15,<null>,28.8,13.3,21.16,15.1,4.59,291.3 O,209.2 S,<null>,57.89,<null>,<null>,
CEPAB 3,4080,2011-08-16,<null>,29.7,12.7,21.46,22.5,4.78,293.4 O,226.1 SO,<null>,54.67,<null>,<null>,
CEPAB 3,4080,2011-08-17,<null>,30.2,12.2,21.36,19.7,4.81,190.3 S,210.5 S,<null>,55.38,<null>,<null>,
CEPAB 3,4080,2011-08-18,<null>,30.4,11.8,21.3,11.2,2.29,212.2 S,232.8 SO,<null>,48.96,<null>,<null>,
CEPAB 3,4080,2011-08-19,<null>,30.2,11.1,21.39,17.4,2.91,182.9 S,273.1 O,<null>,51.21,<null>,<null>,
CEPAB 3,4080,2011-08-20,<null>,30.6,13.6,22.4,12.5,3.74,203.4 S,258.4 SO,<null>,50.12,<null>,<null>,
CEPAB 3,4080,2011-08-21,<null>,28.8,13.3,21.46,20,4.23,192.4 S,,<null>,55.87,<null>,<null>,
CEPAB 3,4080,2011-08-22,<null>,26.8,15.3,20.75,23.8,6.2,205.5 S,199.3 S,<null>,63.46,<null>,<null>,
CEPAB 3,4080,2011-08-23,<null>,28,15.9,21.06,10.2,3.56,228.8 SO,236.6 SO,<null>,64.26,<null>,<null>,
CEPAB 3,4080,2011-08-24,<null>,30.1,14.1,21.62,17.9,4.39,283.4 O,272.4 O,<null>,65.06,<null>,<null>,
CEPAB 3,4080,2011-08-25,<null>,29.3,14,21.72,18.6,5.25,239.4 SO,227.5 SO,<null>,62.3,<null>,<null>,
CEPAB 3,4080,2011-08-26,<null>,28.1,13.9,20.98,21.9,3.92,339.3 NO,240.6 SO,<null>,67.33,<null>,<null>,
CEPAB 3,4080,2011-08-27,<null>,27,16,20.04,19.6,3.38,331.9 NO,282.5 O,<null>,76.84,<null>,<null>,
CEPAB 3,4080,2011-08-28,<null>,26.3,14.7,18.67,19.7,2.35,291.9 O,145 SE,<null>,77.95,<null>,<null>,
CEPAB 3,4080,2011-08-29,<null>,27.6,12.7,19.94,15.2,3.88,313.3 O,240 SO,<null>,64,<null>,<null>,
CEPAB 3,4080,2011-08-30,<null>,28.3,11.1,19.98,14.8,3.42,265.3 SO,213.8 S,<null>,62.02,<null>,<null>,
CEPAB 3,4080,2011-08-31,<null>,27.2,12.8,19.43,16,4.42,272.8 O,232.4 SO,<null>,69.05,<null>,<null>,
CEPAB 3,4080,2011-09-01,<null>,22.9,16.6,18.74,15,2,360 N,7.7 N,<null>,88.25,<null>,<null>,
CEPAB 3,4080,2011-09-02,<null>,27.5,16.9,21.18,13,3.9,328.4 NO,341.7 NO,<null>,67.04,<null>,<null>,
CEPAB 3,4080,2011-09-03,<null>,23.7,15.4,19.11,18.5,7.79,237.2 SO,178.2 SE,<null>,82.59,<null>,<null>,
CEPAB 3,4080,2011-09-04,<null>,26.3,15.7,19.43,21.2,3.9,186.7 S,171.3 SE,<null>,76.69,<null>,<null>,
CEPAB 3,4080,2011-09-05,0,24.1,15.3,19.53,18.6,3.7,153.9 SE,145.3 SE,<null>,73.65,<null>,<null>,
CEPAB 3,4080,2011-09-06,0,24.9,14,18.61,16.2,4.17,158.1 SE,171.7 SE,<null>,75.45,<null>,<null>,
CEPAB 3,4080,2011-09-07,0,25.4,10.7,18.04,17.3,4.98,85.5 NE,37.5 N,<null>,59.97,<null>,<null>,
CEPAB 3,4080,2011-09-08,0,25.1,6.4,16.11,18.7,3.64,312.5 O,24 N,<null>,59.2,<null>,<null>,
CEPAB 3,4080,2011-09-09,0,25.5,6.8,17.03,15.9,3.15,312.4 O,351.4 NO,<null>,58.66,<null>,<null>,
CEPAB 3,4080,2011-09-10,0,26.1,8.4,18.19,18.5,4.18,345.3 NO,356.8 NO,<null>,56.09,<null>,<null>,
CEPAB 3,4080,2011-09-11,0,25.8,8.8,17.59,19.6,3.91,341.7 NO,355 NO,<null>,65.52,<null>,<null>,
CEPAB 3,4080,2011-09-12,0,26.5,15.5,20.33,16.9,5.54,246.9 SO,282.6 O,<null>,64.91,<null>,<null>,
CEPAB 3,4080,2011-09-13,0,28.7,10.1,20.02,14.7,2.43,336 NO,218.4 S,<null>,60.18,<null>,<null>,
CEPAB 3,4080,2011-09-14,0,30.3,11,21.19,16.5,2.56,323.5 NO,35.6 N,<null>,54.95,<null>,<null>,
CEPAB 3,4080,2011-09-15,0,29.8,12.1,20.86,13.1,1.94,320.8 NO,310.9 O,<null>,53.14,<null>,<null>,
CEPAB 3,4080,2011-09-16,0,28,12,19.89,18.1,3.76,10.7 N,320.9 NO,<null>,64.01,<null>,<null>,
CEPAB 3,4080,2011-09-17,0,28.2,12.1,20.2,22.5,3.07,14.3 N,358.5 NO,<null>,68.41,<null>,<null>,
CEPAB 3,4080,2011-09-18,12,28.3,15.8,20.05,12.8,4.02,174.7 SE,327.1 NO,<null>,76.58,<null>,<null>,
CEPAB 3,4080,2011-09-19,14.1,25,15.6,17.74,18.4,3.86,67.6 NE,262.6 SO,<null>,81.31,<null>,<null>,
CEPAB 3,4080,2011-09-20,0,26.1,13.5,19.02,12.3,2.47,0.5 N,,<null>,73.26,<null>,<null>,
CEPAB 3,4080,2011-09-21,0,26.5,12.4,18.87,11.9,2.14,299.8 O,341.2 NO,<null>,67.2,<null>,<null>,
CEPAB 3,4080,2011-09-22,0,25.1,10.8,16.04,6.7,1.48,270.6 O,309.7 O,<null>,75.85,<null>,<null>,
CEPAB 3,4080,2011-09-23,<null>,<null>,<null>,<null>,<null>,<null>,0 NE,<null> N,<null>,<null>,<null>,<null>,
CEPAB 3,4080,2011-09-24,<null>,<null>,<null>,<null>,<null>,<null>,0 NE,<null> N,<null>,<null>,<null>,<null>,
CEPAB 3,4080,2011-09-25,<null>,<null>,<null>,<null>,<null>,<null>,0 NE,<null> N,<null>,<null>,<null>,<null>,
CEPAB 3,4080,2011-09-26,<null>,<null>,<null>,<null>,<null>,<null>,0 NE,<null> N,<null>,<null>,<null>,<null>,
CEPAB 3,4080,2011-09-27,0,29.3,10.2,16.72,4.9,0.98,262.5 SO,245.9 SO,<null>,70.62,<null>,<null>,
CEPAB 3,4080,2011-09-28,0,25.7,17.8,21.59,10.2,3.58,276.6 O,266.6 SO,<null>,52.74,<null>,<null>,
CEPAB 3,4080,2011-09-29,0,19.5,12.8,15.46,2.7,0.3,227.8 SO,220.4 S,<null>,80.12,<null>,<null>,
CEPAB 3,4080,2011-09-30,<null>,<null>,<null>,<null>,<null>,<null>,0 NE,<null> N,<null>,<null>,<null>,<null>,
CEPAB 3,4080,2011-10-01,<null>,<null>,<null>,<null>,<null>,<null>,0 NE,<null> N,<null>,<null>,<null>,<null>,
CEPAB 3,4080,2011-10-02,<null>,<null>,<null>,<null>,<null>,<null>,0 NE,<null> N,<null>,<null>,<null>,<null>,
CEPAB 3,4080,2011-10-03,<null>,<null>,<null>,<null>,<null>,<null>,0 NE,<null> N,<null>,<null>,<null>,<null>,
CEPAB 3,4080,2011-10-04,<null>,<null>,<null>,<null>,<null>,<null>,0 NE,<null> N,<null>,<null>,<null>,<null>,
CEPAB 3,4080,2011-10-05,<null>,<null>,<null>,<null>,<null>,<null>,0 NE,<null> N,<null>,<null>,<null>,<null>,
CEPAB 3,4080,2011-10-06,<null>,<null>,<null>,<null>,<null>,<null>,0 NE,<null> N,<null>,<null>,<null>,<null>,
CEPAB 3,4080,2011-10-07,<null>,<null>,<null>,<null>,<null>,<null>,0 NE,<null> N,<null>,<null>,<null>,<null>,
CEPAB 3,4080,2011-10-08,<null>,<null>,<null>,<null>,<null>,<null>,0 NE,<null> N,<null>,<null>,<null>,<null>,
CEPAB 3,4080,2011-10-09,<null>,<null>,<null>,<null>,<null>,<null>,0 NE,<null> N,<null>,<null>,<null>,<null>,
CEPAB 3,4080,2011-10-10,<null>,<null>,<null>,<null>,<null>,<null>,0 NE,<null> N,<null>,<null>,<null>,<null>,
CEPAB 3,4080,2011-10-11,<null>,<null>,<null>,<null>,<null>,<null>,0 NE,<null> N,<null>,<null>,<null>,<null>,
CEPAB 3,4080,2011-10-12,<null>,<null>,<null>,<null>,<null>,<null>,0 NE,<null> N,<null>,<null>,<null>,<null>,
CEPAB 3,4080,2011-10-13,<null>,<null>,<null>,<null>,<null>,<null>,0 NE,<null> N,<null>,<null>,<null>,<null>,
CEPAB 3,4080,2011-10-14,<null>,<null>,<null>,<null>,<null>,<null>,0 NE,<null> N,<null>,<null>,<null>,<null>,
CEPAB 3,4080,2011-10-15,<null>,<null>,<null>,<null>,<null>,<null>,0 NE,<null> N,<null>,<null>,<null>,<null>,
CEPAB 3,4080,2011-10-16,<null>,<null>,<null>,<null>,<null>,<null>,0 NE,<null> N,<null>,<null>,<null>,<null>,
CEPAB 3,4080,2011-10-17,<null>,<null>,<null>,<null>,<null>,<null>,0 NE,<null> N,<null>,<null>,<null>,<null>,
CEPAB 3,4080,2011-10-18,<null>,<null>,<null>,<null>,<null>,<null>,0 NE,<null> N,<null>,<null>,<null>,<null>,
CEPAB 3,4080,2011-10-19,<null>,<null>,<null>,<null>,<null>,<null>,0 NE,<null> N,<null>,<null>,<null>,<null>,
CEPAB 3,4080,2011-10-20,<null>,<null>,<null>,<null>,<null>,<null>,0 NE,<null> N,<null>,<null>,<null>,<null>,
CEPAB 3,4080,2011-10-21,<null>,<null>,<null>,<null>,<null>,<null>,0 NE,<null> N,<null>,<null>,<null>,<null>,
CEPAB 3,4080,2011-10-22,<null>,<null>,<null>,<null>,<null>,<null>,0 NE,<null> N,<null>,<null>,<null>,<null>,
CEPAB 3,4080,2011-10-23,<null>,<null>,<null>,<null>,<null>,<null>,0 NE,<null> N,<null>,<null>,<null>,<null>,
CEPAB 3,4080,2011-10-24,<null>,<null>,<null>,<null>,<null>,<null>,0 NE,<null> N,<null>,<null>,<null>,<null>,
CEPAB 3,4080,2011-10-25,<null>,<null>,<null>,<null>,<null>,<null>,0 NE,<null> N,<null>,<null>,<null>,<null>,
CEPAB 3,4080,2011-10-26,<null>,<null>,<null>,<null>,<null>,<null>,0 NE,<null> N,<null>,<null>,<null>,<null>,
CEPAB 3,4080,2011-10-27,0,28.5,28.5,28.5,0,0,328.4 NO,266 SO,327.5,60.15,<null>,<null>,
CEPAB 3,4080,2011-10-28,0,30.4,30.4,30.4,0,0,181.8 S,149.1 SE,268,52.52,0.3,2.78,
CEPAB 3,4080,2011-10-29,0,<null>,<null>,<null>,0,0,214.5 S,220.2 S,278.17,58.99,<null>,<null>,
CEPAB 3,4080,2011-10-30,0,<null>,<null>,<null>,0,0,189.1 S,189.1 S,22,36.3,<null>,<null>,
CEPAB 3,4080,2011-10-31,0,24.8,24.8,24.8,0,0,327.5 NO,7.3 N,343.22,34.89,0.2,3.19,
CEPAB 3,4080,2011-11-01,0,26.6,9.5,19.19,7.8,0.48,104.8 E,353.5 NO,283.11,49.91,0.8,3.05,
CEPAB 3,4080,2011-11-02,0,27.2,2.2,14.78,12.4,1.63,67.3 NE,49.4 NE,284.82,44.26,2.2,3.78,
CEPAB 3,4080,2011-11-03,0,26.7,4.9,15.61,12.3,2.25,,313.1 O,294.13,44.39,2.3,4.13,
CEPAB 3,4080,2011-11-04,0,26.2,5.8,15.82,16.3,3.12,91.8 E,113.6 E,263.01,58.68,2,3.66,
CEPAB 3,4080,2011-11-05,0,26.8,7.4,16.83,20.7,2.92,131.8 E,201.7 S,252.19,52.8,2.3,3.8,
CEPAB 3,4080,2011-11-06,0,26.5,7.3,16.71,21.9,2.72,159 SE,122.3 E,275.57,50.45,2.4,3.93,
CEPAB 3,4080,2011-11-07,0,25.6,4.8,14.4,21.3,2.14,110.1 E,334.9 NO,252.73,56.94,1.3,3.45,
CEPAB 3,4080,2011-11-08,0,27.4,8.3,21.21,20.6,3.75,171.8 SE,164.4 SE,304.72,39.86,1.9,4.66,
CEPAB 3,4080,2011-11-09,0,26.2,4.3,16.01,24.8,3.56,90.3 E,79 NE,258.56,51.81,2.5,3.82,
CEPAB 3,4080,2011-11-10,0,18.9,6.5,11.78,21.4,6.69,303.7 O,298.1 O,241.49,66.06,2,3.3,
CEPAB 3,4080,2011-11-11,0,23.3,1.4,12.75,21.3,3.67,86.2 NE,170.5 SE,259.69,62.75,1.9,3.5,
CEPAB 3,4080,2011-11-12,0,24.7,4.1,15.25,18.8,3.81,132.8 E,144.3 SE,258.99,56.03,2.1,3.91,
CEPAB 3,4080,2011-11-13,0,25.7,3.1,15.67,14.3,3.02,90.8 E,125.9 E,272.65,53.19,2.2,4.03,
CEPAB 3,4080,2011-11-14,0,14.9,5.4,9.15,8.6,0.64,84.7 NE,194.1 S,97.75,77.93,0.1,1.34,
CEPAB 3,4080,2011-11-15,<null>,<null>,<null>,<null>,<null>,<null>,0 NE,<null> N,<null>,<null>,<null>,<null>,
CEPAB 3,4080,2011-11-16,<null>,<null>,<null>,<null>,<null>,<null>,0 NE,<null> N,<null>,<null>,<null>,<null>,
CEPAB 3,4080,2011-11-17,<null>,<null>,<null>,<null>,<null>,<null>,0 NE,<null> N,<null>,<null>,<null>,<null>,
CEPAB 3,4080,2011-11-18,<null>,<null>,<null>,<null>,<null>,<null>,0 NE,<null> N,<null>,<null>,<null>,<null>,
CEPAB 3,4080,2011-11-19,<null>,<null>,<null>,<null>,<null>,<null>,0 NE,<null> N,<null>,<null>,<null>,<null>,
CEPAB 3,4080,2011-11-20,<null>,<null>,<null>,<null>,<null>,<null>,0 NE,<null> N,<null>,<null>,<null>,<null>,
CEPAB 3,4080,2011-11-21,<null>,<null>,<null>,<null>,<null>,<null>,0 NE,<null> N,<null>,<null>,<null>,<null>,
CEPAB 3,4080,2011-11-22,<null>,<null>,<null>,<null>,<null>,<null>,0 NE,<null> N,<null>,<null>,<null>,<null>,
CEPAB 3,4080,2011-11-23,<null>,<null>,<null>,<null>,<null>,<null>,0 NE,<null> N,<null>,<null>,<null>,<null>,
CEPAB 3,4080,2011-11-24,<null>,<null>,<null>,<null>,<null>,<null>,0 NE,<null> N,<null>,<null>,<null>,<null>,
CEPAB 3,4080,2011-11-25,<null>,<null>,<null>,<null>,<null>,<null>,0 NE,<null> N,<null>,<null>,<null>,<null>,
CEPAB 3,4080,2011-11-26,<null>,<null>,<null>,<null>,<null>,<null>,0 NE,<null> N,<null>,<null>,<null>,<null>,
CEPAB 3,4080,2011-11-27,<null>,<null>,<null>,<null>,<null>,<null>,0 NE,<null> N,<null>,<null>,<null>,<null>,
CEPAB 3,4080,2011-11-28,<null>,<null>,<null>,<null>,<null>,<null>,0 NE,<null> N,<null>,<null>,<null>,<null>,
CEPAB 3,4080,2011-11-29,<null>,<null>,<null>,<null>,<null>,<null>,0 NE,<null> N,<null>,<null>,<null>,<null>,
CEPAB 3,4080,2011-11-30,0,20.8,-3.5,11.02,6.6,1.99,287.1 O,337 NO,297.52,22.99,0.3,<null>,
CEPAB 3,4080,2011-12-01,0,23,-0.8,10.72,17.4,3.66,83.3 NE,355.7 NO,229.08,35.15,0.8,4.39,
CEPAB 3,4080,2011-12-02,0,24.8,1.6,8.68,15.9,1.4,73 NE,2.3 N,<null>,48.87,<null>,<null>,
CEPAB 3,4080,2011-12-03,<null>,<null>,<null>,<null>,<null>,<null>,0 NE,<null> N,<null>,<null>,<null>,<null>,
CEPAB 3,4080,2011-12-04,<null>,<null>,<null>,<null>,<null>,<null>,0 NE,<null> N,<null>,<null>,<null>,<null>,
CEPAB 3,4080,2011-12-05,<null>,<null>,<null>,<null>,<null>,<null>,0 NE,<null> N,<null>,<null>,<null>,<null>,
CEPAB 3,4080,2011-12-06,<null>,<null>,<null>,<null>,<null>,<null>,0 NE,<null> N,<null>,<null>,<null>,<null>,
CEPAB 3,4080,2011-12-07,<null>,<null>,<null>,<null>,<null>,<null>,0 NE,<null> N,<null>,<null>,<null>,<null>,
CEPAB 3,4080,2011-12-08,0,24.3,7.4,18.09,21.3,10.47,78.6 NE,103.5 E,<null>,49.66,<null>,<null>,
CEPAB 3,4080,2011-12-09,<null>,<null>,<null>,<null>,<null>,<null>,0 NE,<null> N,<null>,<null>,<null>,<null>,
CEPAB 3,4080,2011-12-10,<null>,<null>,<null>,<null>,<null>,<null>,0 NE,<null> N,<null>,<null>,<null>,<null>,
CEPAB 3,4080,2011-12-11,<null>,<null>,<null>,<null>,<null>,<null>,0 NE,<null> N,<null>,<null>,<null>,<null>,
CEPAB 3,4080,2011-12-12,<null>,<null>,<null>,<null>,<null>,<null>,0 NE,<null> N,<null>,<null>,<null>,<null>,
CEPAB 3,4080,2011-12-13,0,23.4,11,18.08,7.8,3.42,120.1 E,129.6 E,<null>,46.42,<null>,<null>,
CEPAB 3,4080,2011-12-14,0,24.9,17,21.45,10.9,4.88,153.6 SE,151.1 SE,<null>,28.58,<null>,<null>,
CEPAB 3,4080,2011-12-15,0,24.5,1.2,13.41,26.8,3.66,100.9 E,144.8 SE,<null>,48.87,<null>,<null>,
CEPAB 3,4080,2011-12-16,0,23.5,3.5,13.96,21.1,2.46,85.8 NE,91.5 E,<null>,51.58,<null>,<null>,
CEPAB 3,4080,2011-12-17,0,11.6,10.9,11.25,0,0,307.5 O,278.6 O,<null>,87.7,<null>,<null>,
CEPAB 3,4080,2011-12-18,0,22.4,7.9,14.58,14.1,3.6,114.7 E,88 NE,<null>,67.97,<null>,<null>,
CEPAB 3,4080,2011-12-19,0,23.5,5.8,14.42,19.5,5.91,144.3 SE,171.5 SE,<null>,60.71,<null>,<null>,
CEPAB 3,4080,2011-12-20,0,22.9,8.1,17.06,25.1,10.13,128.3 E,146.4 SE,<null>,43.84,<null>,<null>,
CEPAB 3,4080,2011-12-21,0,22.4,4,13.21,24.6,8.63,79.6 NE,121.2 E,<null>,57.11,<null>,<null>,
CEPAB 3,4080,2011-12-22,0,21.5,6.1,13.24,18.1,5.67,47.3 NE,93.8 E,<null>,58.87,<null>,<null>,
CEPAB 3,4080,2011-12-23,0,24.2,3.1,12.76,22.6,5.2,,148.9 SE,<null>,53.72,<null>,<null>,
CEPAB 3,4080,2011-12-24,0,23.5,2.7,12.68,21.2,5.21,93 E,91.7 E,<null>,54.58,<null>,<null>,
CEPAB 3,4080,2011-12-25,0,22.8,2.5,11.96,17.8,7.68,91.3 E,352.9 NO,<null>,52.47,<null>,<null>,
CEPAB 3,4080,2011-12-26,0,24.8,9.6,18.04,12.2,4.92,124 E,146.3 SE,<null>,37.69,<null>,<null>,
CEPAB 3,4080,2011-12-27,0,22.2,4.3,12.24,9.9,2.84,301.8 O,300.9 O,<null>,32.44,<null>,<null>,
CEPAB 3,4080,2011-12-28,0,8.6,3,5.53,2.2,0.37,292.7 O,,<null>,43.53,<null>,<null>,
CEPAB 3,4080,2011-12-29,0,22.7,5.7,14.04,12.5,2.86,121.2 E,286.3 O,<null>,33.06,<null>,<null>,
CEPAB 3,4080,2011-12-30,0,24,4.2,14.18,4.9,1,330.4 NO,4.3 N,<null>,50.17,<null>,<null>,
CEPAB 3,4080,2011-12-31,0,24.7,10.1,17.94,13.4,4.83,79.1 NE,205.5 S,<null>,46.43,<null>,<null>,
CEPAB 3,4080,2012-01-01,0,23.5,6.4,14.25,16.8,4.24,314 O,317.9 NO,<null>,64.55,<null>,<null>,
CEPAB 3,4080,2012-01-02,0,18.6,4.9,12.96,9.2,4.15,69.9 NE,331.8 NO,<null>,73.12,<null>,<null>,
CEPAB 3,4080,2012-01-03,0,17.6,2.3,9.78,9.9,2.78,328.2 NO,278.9 O,<null>,68.99,<null>,<null>,
CEPAB 3,4080,2012-01-04,0,20.2,0.1,9.56,7.3,1.77,347.8 NO,313.6 O,<null>,52.85,<null>,<null>,
CEPAB 3,4080,2012-01-05,0,20.5,0.6,10.87,14.5,3.01,59.3 NE,257 SO,<null>,49.93,<null>,<null>,
CEPAB 3,4080,2012-01-06,0,18.2,4,11.07,7.1,1.38,52 NE,85.4 NE,<null>,49.73,<null>,<null>,
CEPAB 3,4080,2012-01-07,0,22.1,-1.2,10.8,18.1,3.06,78.9 NE,102 E,<null>,46.51,<null>,<null>,
CEPAB 3,4080,2012-01-08,0,23.6,4.4,12.89,29.2,5.16,101.6 E,119 E,<null>,44.59,<null>,<null>,
CEPAB 3,4080,2012-01-09,0,21.1,5.5,12.26,27.9,5.99,105.8 E,109.3 E,<null>,39.89,<null>,<null>,
CEPAB 3,4080,2012-01-10,0,23.5,5.7,13.2,27.2,4.45,93.6 E,118.2 E,<null>,37.99,<null>,<null>,
CEPAB 3,4080,2012-01-11,0,23.7,-1.3,10.91,14.1,2.17,145.2 SE,266.4 SO,<null>,33.92,<null>,<null>,
CEPAB 3,4080,2012-01-12,0,23.7,-2.3,11.04,18.1,3.64,142.9 SE,168.7 SE,<null>,32.84,<null>,<null>,
CEPAB 3,4080,2012-01-13,0,22.7,3.4,13.84,17.5,2.9,108.6 E,199 S,<null>,31.55,<null>,<null>,
CEPAB 3,4080,2012-01-14,0,18.7,6.8,12.28,12.7,1.54,324 NO,305.5 O,<null>,49.03,<null>,<null>,
CEPAB 3,4080,2012-01-15,0,22.8,4.4,13.48,9.4,1.63,101.6 E,352.2 NO,<null>,61.08,<null>,<null>,
CEPAB 3,4080,2012-01-16,0,24.9,4.6,14.23,12,1.5,146.6 SE,342.8 NO,<null>,60.12,<null>,<null>,
CEPAB 3,4080,2012-01-17,0,24.8,3.7,13.98,9.9,1.28,86.1 NE,339.8 NO,<null>,46.47,<null>,<null>,
CEPAB 3,4080,2012-01-18,0,24.3,4.2,13.4,11.5,1.66,99 E,248.2 SO,<null>,44.48,<null>,<null>,
CEPAB 3,4080,2012-01-19,0,24.8,6,15.12,18.9,2.74,91.6 E,162.7 SE,<null>,48.75,<null>,<null>,
CEPAB 3,4080,2012-01-20,0,26.4,3.6,14.54,10.8,1.94,75.7 NE,158.8 SE,<null>,36.29,<null>,<null>,
CEPAB 3,4080,2012-01-21,0,26.5,2.4,14.21,19.6,2.58,76 NE,68.8 NE,<null>,34.07,<null>,<null>,
CEPAB 3,4080,2012-01-22,0,24.8,4,14.34,11.1,1.75,49.5 NE,121.3 E,<null>,39.78,<null>,<null>,
CEPAB 3,4080,2012-01-23,0,25.4,2.9,15.02,26.1,3.42,86.3 NE,71.2 NE,<null>,37.42,<null>,<null>,
CEPAB 3,4080,2012-01-24,0,25,3.2,13.87,27.4,7.83,153.4 SE,135.3 SE,<null>,48.11,<null>,<null>,
CEPAB 3,4080,2012-01-25,0,22.5,11.1,16.8,18.1,17.95,169.1 SE,133.8 E,<null>,43.7,<null>,<null>,
CEPAB 3,4080,2012-01-26,0,18.8,5.9,13.59,13.9,5.31,332.2 NO,297.8 O,<null>,25.51,<null>,<null>,
CEPAB 3,4080,2012-01-27,0,22.5,-2,10.84,24.3,3.52,86.9 NE,277.4 O,<null>,32.26,<null>,<null>,
CEPAB 3,4080,2012-01-28,0,21.9,0.3,11.82,22.4,3.83,105.5 E,86 NE,<null>,42.39,<null>,<null>,
CEPAB 3,4080,2012-01-29,16,19.4,3.8,11.34,21.2,4.49,358.9 NO,357.1 NO,<null>,74.83,<null>,<null>,
CEPAB 3,4080,2012-01-30,2.6,12.2,8.7,10.39,13.8,2.22,75.7 NE,125.1 E,<null>,94.87,<null>,<null>,
CEPAB 3,4080,2012-01-31,0.3,18.4,5.8,12.09,15.5,2.39,111.9 E,101.1 E,<null>,74.31,<null>,<null>,
CEPAB 3,4080,2012-02-01,0,21.9,6.7,14.05,9.1,0.83,311.1 O,353.8 NO,<null>,68.07,<null>,<null>,
CEPAB 3,4080,2012-02-02,0,23.8,6.6,14.7,23.7,4.58,96.6 E,133 E,<null>,62.43,<null>,<null>,
CEPAB 3,4080,2012-02-03,0,24.2,5.8,15.17,21.3,4.41,77.5 NE,123.3 E,<null>,56.56,<null>,<null>,
CEPAB 3,4080,2012-02-04,0,25.6,3.2,14.88,22.1,3.45,80.4 NE,276.5 O,<null>,54.58,<null>,<null>,
CEPAB 3,4080,2012-02-05,0,20.9,8.6,14.29,21.4,2.82,103.6 E,,<null>,58.96,<null>,<null>,
CEPAB 3,4080,2012-02-06,0,23.1,3.7,13.13,19.8,3.26,85.9 NE,181.2 S,<null>,47.78,<null>,<null>,
CEPAB 3,4080,2012-02-07,0,16,6.1,10.61,27.6,3.94,69.5 NE,76.1 NE,<null>,60.27,<null>,<null>,
CEPAB 3,4080,2012-02-08,11.7,19.9,-0.1,9.89,23.1,4.07,108.5 E,53.6 NE,<null>,65.29,<null>,<null>,
CEPAB 3,4080,2012-02-09,8.4,18.6,4.4,10.67,25,4.63,90 E,274.3 O,<null>,69.32,<null>,<null>,
CEPAB 3,4080,2012-02-10,0,15.9,7.9,11.22,11.4,2.71,109.5 E,106.1 E,<null>,75.66,<null>,<null>,
CEPAB 3,4080,2012-02-11,23.9,11.1,8.6,9.77,9.8,1.85,255.1 SO,237.6 SO,<null>,90.29,<null>,<null>,
CEPAB 3,4080,2012-02-12,3.5,16.5,8.7,11.47,22.4,4.39,141.7 SE,87.7 NE,<null>,88.28,<null>,<null>,
CEPAB 3,4080,2012-02-13,0.3,18.6,7.4,12.87,28.3,6.57,158.9 SE,133.6 E,<null>,65.87,<null>,<null>,
CEPAB 3,4080,2012-02-14,0,21.8,9.7,14.51,31.8,9.55,109.5 E,111.5 E,<null>,77.35,<null>,<null>,
CEPAB 3,4080,2012-02-15,2.6,21.3,10.5,14.09,22.8,7.55,117.5 E,113 E,<null>,72.19,<null>,<null>,
CEPAB 3,4080,2012-02-16,5.5,16.3,9.3,12.34,20.1,6.05,132 E,94.5 E,<null>,83.75,<null>,<null>,
CEPAB 3,4080,2012-02-17,0,20.2,10.1,14.5,35.5,9.99,159.6 SE,118.4 E,<null>,76.37,<null>,<null>,
CEPAB 3,4080,2012-02-18,0,22.2,9.3,14.9,28.5,10.45,116.6 E,130.1 E,<null>,65.21,<null>,<null>,
CEPAB 3,4080,2012-02-19,0,21.2,4.5,12.65,20.6,4.47,92.9 E,130.5 E,<null>,61.93,<null>,<null>,
CEPAB 3,4080,2012-02-20,0,23.1,4.1,14.36,22.8,3.23,88.6 NE,153.4 SE,<null>,52.34,<null>,<null>,
CEPAB 3,4080,2012-02-21,0,24,8,16.09,26.2,5.16,83.3 NE,104.3 E,<null>,62.57,<null>,<null>,
CEPAB 3,4080,2012-02-22,0,24.3,8.5,16.19,14.4,3.07,49.2 NE,2.6 N,<null>,66.39,<null>,<null>,
CEPAB 3,4080,2012-02-23,0,24.6,7.5,15.54,28.3,5.4,164.1 SE,132.6 E,<null>,62.63,<null>,<null>,
CEPAB 3,4080,2012-02-24,0,23.8,9.9,16.54,41.6,10.59,132.3 E,117.3 E,<null>,59.46,<null>,<null>,
CEPAB 3,4080,2012-02-25,0,22.9,4.4,13.25,17.3,6.37,292.2 O,302.5 O,<null>,57.72,<null>,<null>,
CEPAB 3,4080,2012-02-26,0,25.3,3.9,14.65,24.3,5.27,138 SE,173.4 SE,<null>,55.88,<null>,<null>,
CEPAB 3,4080,2012-02-27,0,24.8,6.4,16.33,15.6,2.89,94.8 E,77.4 NE,<null>,46.54,<null>,<null>,
CEPAB 3,4080,2012-02-28,0,27.4,6.3,17.71,12,1.14,47.1 NE,21.7 N,<null>,50.32,<null>,<null>,
Don Primo,13467,2011-07-30,0,25.9,13.4,19.84,16.6,5.17,157.6 SE,90.9 E,338.45,52.02,3.7,4.34,
Don Primo,13467,2011-07-31,0,26.7,15.3,20.59,22,6.67,97.8 E,72.2 NE,431.31,53.32,4.8,5.17,
Don Primo,13467,2011-08-01,0,27.8,14.8,20.79,16.7,5.83,67.1 NE,82.3 NE,509.28,54.4,5.2,5.56,
Don Primo,13467,2011-08-02,0,29.1,13.5,21.55,14.3,2.89,58.8 NE,67.6 NE,433.62,51.49,4.5,4.79,
Don Primo,13467,2011-08-03,0,29.8,13.1,21.82,15.1,2.99,101.4 E,88.9 NE,483.9,48.76,5.1,5.2,
Don Primo,13467,2011-08-04,0,26,16.1,21.4,5.1,0.23,140.3 SE,160.7 SE,336.62,54.6,2.8,3.48,
Don Primo,13467,2011-08-05,5.4,31.4,15.1,21.72,23.1,1.8,206.1 S,122.2 E,520.25,60.95,4.9,4.91,
Don Primo,13467,2011-08-06,9.4,29,13.6,20.26,11,1.09,52.2 NE,28.4 N,538.06,65.96,4.9,4.73,
Don Primo,13467,2011-08-07,1.8,29,13.3,20.18,15.5,0.73,126.2 E,117.4 E,535.33,65.4,4.9,4.72,
Don Primo,13467,2011-08-08,0,27.1,15.7,20.49,12.5,0.86,289.8 O,201.1 S,454.92,61.96,4.2,4.27,
Don Primo,13467,2011-08-09,5.4,28.4,12.9,19.83,11.6,0.83,312.4 O,161 SE,537.67,66.05,5,4.77,
Don Primo,13467,2011-08-10,0.4,29.3,15.5,21.46,8.1,0.41,187.5 S,191.8 S,574.28,64.1,5.3,5.02,
Don Primo,13467,2011-08-11,0,29.6,14.7,21.82,5.4,0.27,206.9 S,191.7 S,520.75,57.77,4.9,4.78,
Don Primo,13467,2011-08-12,0,29.6,15.1,21.6,7,0.12,16.5 N,100.1 E,430.05,62.47,3.7,4.06,
Don Primo,13467,2011-08-13,0,28.9,14.4,21.45,6.2,0.26,190.2 S,166.7 SE,469.91,57.47,4.1,4.37,
Don Primo,13467,2011-08-14,0,28.1,12.5,20.58,3.2,0.13,192.3 S,82.4 NE,486.61,57.08,4.1,4.45,
Don Primo,13467,2011-08-15,0,29.6,14,22,5.7,0.52,80 NE,91.4 E,577.88,45.43,5.1,5.41,
Don Primo,13467,2011-08-16,0,30.2,13.2,21.96,10.7,0.92,77 NE,78.2 NE,561.2,44.25,5.3,5.42,
Don Primo,13467,2011-08-17,0,30.6,11.9,21.91,8.2,1.38,63.4 NE,70.4 NE,532.36,44.45,5.1,5.32,
Don Primo,13467,2011-08-18,0,30.5,12.4,21.72,4.9,0.26,123.2 E,67.8 NE,558.99,39.11,4.9,5.36,
Don Primo,13467,2011-08-19,0,30.9,10.9,21.9,4.4,0.18,145.2 SE,111.7 E,535.88,39.56,4.6,5.21,
Don Primo,13467,2011-08-20,0,31.3,14.4,22.81,5.2,0.45,96.4 E,100.2 E,485.74,37.58,4.2,5.01,
Don Primo,13467,2011-08-21,0,29.3,13.6,22,6.4,0.95,66.5 NE,93.3 E,552.1,44.81,4.9,5.27,
Don Primo,13467,2011-08-22,0,27.4,15.2,21.31,15.8,2.19,98.3 E,65.7 NE,386.73,52.29,3.6,4.16,
Don Primo,13467,2011-08-23,0,27.1,16.4,21.13,2.7,0.03,230.9 SO,106.6 E,285.21,54.94,2,3.1,
Don Primo,13467,2011-08-24,0,31.6,14.3,21.98,2,0.16,87.7 NE,123.4 E,502.19,56.14,4.4,4.69,
Don Primo,13467,2011-08-25,0,30,13.7,22.04,9,0.57,103.2 E,91.6 E,483.21,50.66,4.3,4.7,
Don Primo,13467,2011-08-26,0.2,28.3,14.7,21.57,6.3,0.27,14.1 N,110.5 E,374.95,54.95,3.1,3.79,
Don Primo,13467,2011-08-27,0.8,25.8,16.1,19.93,12.2,0.34,194.1 S,7.3 N,330.31,70.85,2.6,3.08,
Don Primo,13467,2011-08-28,5.2,25.9,14.6,18.7,10.1,0.18,127.8 E,34.7 N,398.93,76.74,3.2,3.46,
Don Primo,13467,2011-08-29,0,28.2,12.4,20.25,3.2,0.38,70.3 NE,67.9 NE,519.25,57.03,4.6,4.8,
Don Primo,13467,2011-08-30,0,29,11.4,20.63,10,0.86,82.6 NE,83.1 NE,516.29,49.58,4.5,5.07,
Don Primo,13467,2011-08-31,0,27.4,12.3,19.66,4.3,0.67,104.5 E,70.4 NE,376.44,58.91,3.2,3.86,
Don Primo,13467,2011-09-01,0,22.6,16.4,18.46,12.1,0.24,222.1 S,211.8 S,192.15,81.41,1.2,1.91,
Don Primo,13467,2011-09-02,0,27.5,16.7,20.7,2.7,0.2,293.5 O,220.6 S,494.92,72.92,4.2,4.31,
Don Primo,13467,2011-09-03,22.8,21.8,14.8,17.6,2.2,0.08,198.3 S,214.6 S,284.72,84.21,2,2.55,
Don Primo,13467,2011-09-04,22.2,24.8,15.3,19.08,3,0.09,350.6 NO,20.1 N,325.28,78.94,2.7,3.05,
Don Primo,13467,2011-09-05,0,24.9,14.9,19.89,10.5,1.06,85.5 NE,74.4 NE,367.32,61.58,3.3,3.77,
Don Primo,13467,2011-09-06,0,25.2,13.5,18.89,4.6,0.28,80.7 NE,66.6 NE,346.36,63.75,2.8,3.52,
Don Primo,13467,2011-09-07,0,26.3,10.6,18.62,5.5,0.52,58.4 NE,88.2 NE,578.76,51.22,4.8,5.36,
Don Primo,13467,2011-09-08,0,26.2,7.6,17.2,3.2,0.26,,70 NE,569.8,45.92,4.6,5.38,
Don Primo,13467,2011-09-09,0,26.2,7.7,17.75,3.8,0.36,113.4 E,64.8 NE,560.05,46.75,4.6,5.37,
Don Primo,13467,2011-09-10,0,27.1,9,18.63,7.1,0.67,76.1 NE,88.4 NE,553.31,45.41,4.7,5.45,
Don Primo,13467,2011-09-11,0,25.5,8.4,18.09,7.9,1.37,76.7 NE,87.3 NE,478.81,53.51,4.2,4.86,
Don Primo,13467,2011-09-12,0,27.2,15.8,20.84,3.9,0.54,118.4 E,92.5 E,483.11,53.69,3.9,4.77,
Don Primo,13467,2011-09-13,0,29.4,10.8,20.6,2.2,0.05,76.2 NE,77.9 NE,536.26,48.23,4.5,5.13,
Don Primo,13467,2011-09-14,0,30.4,11.1,21.39,4,0.17,124.6 E,71.8 NE,554.77,43.5,4.8,5.35,
Don Primo,13467,2011-09-15,0,29.4,11.7,21.38,1.3,0.07,142.8 SE,120.9 E,523.99,40.44,4.4,5.1,
Don Primo,13467,2011-09-16,0,28.4,12.1,20.25,5.5,0.32,201.9 S,172.1 SE,496.07,52.98,3.9,4.67,
Don Primo,13467,2011-09-17,0,29.4,12.7,20.45,8.3,0.17,210.3 S,142.6 SE,420.88,59.85,3.3,4.05,
Don Primo,13467,2011-09-18,0.6,27.6,15.9,20.3,15.1,1,15.4 N,27 N,398.56,64.57,3.3,3.88,
Don Primo,13467,2011-09-19,5.6,24.5,15.6,18.48,25.6,1.1,22.4 N,20.2 N,342.35,75.66,2.6,3.2,
Don Primo,13467,2011-09-20,0,26.4,12.9,19.35,1.9,0.06,31.5 N,64.3 NE,489.3,60.26,3.9,4.49,
Don Primo,13467,2011-09-21,0,26.6,11.3,19.41,3.3,0.22,53.6 NE,60.2 NE,434.98,56.98,3.5,4.24,
Don Primo,13467,2011-09-22,0,27.5,10.6,19.74,1.8,0.09,351.7 NO,65.4 NE,505.33,53.31,4.2,4.8,
Don Primo,13467,2011-09-23,0,27.5,11.8,20.24,6.4,0.44,52.8 NE,83.8 NE,481.48,49.7,3.7,4.74,
Don Primo,13467,2011-09-24,0,26.2,12.9,19.12,2.6,0.09,318.3 NO,38.4 N,425.62,54.49,3.2,4.17,
Don Primo,13467,2011-09-25,0,28.3,11.6,19.77,1.9,0.08,354.3 NO,19.8 N,498.38,47.28,4.2,4.85,
Don Primo,13467,2011-09-26,0,29.6,8.5,18.67,6.9,0.27,9.6 N,50.4 NE,493.07,43.55,4,4.96,
Don Primo,13467,2011-09-27,0,30.2,9.8,19.71,2.1,0.07,352.1 NO,52.2 NE,471.78,46.35,3.8,4.79,
Don Primo,13467,2011-09-28,0,25.9,13.8,19.64,25.6,0.95,354.9 NO,14.5 N,299.71,51.4,2.3,3.54,
Don Primo,13467,2011-09-29,0,27.2,12.5,20.56,19.8,0.34,302.9 O,30.2 N,419.4,46.82,3.2,4.38,
Don Primo,13467,2011-09-30,2.2,25.6,13.9,18.74,6,0.25,95.3 E,56.4 NE,420,64.54,3.2,3.93,
Don Primo,13467,2011-10-01,0,22,11.1,16.9,5.8,0.31,113.8 E,77.5 NE,298.15,62.84,2,3.05,
Don Primo,13467,2011-10-02,0,25.1,8.8,16.89,5.5,0.32,102.2 E,67.8 NE,450.85,61.28,3.4,4.29,
Don Primo,13467,2011-10-03,0,25.9,9.9,17.63,9.7,0.46,92.5 E,63.1 NE,482.34,59.44,3.5,4.65,
Don Primo,13467,2011-10-04,0,26.9,9.7,18.34,1.7,0.1,75.5 NE,54.1 NE,509.8,53.35,3.8,4.95,
Don Primo,13467,2011-10-05,0,28.5,9.6,18.92,1.2,0.04,51.8 NE,56.8 NE,497.69,51.52,3.7,4.89,
Don Primo,13467,2011-10-06,0,28.6,9.7,19.86,1,0.04,66.7 NE,69.9 NE,510.22,40.7,4,5.15,
Don Primo,13467,2011-10-07,0,28.9,8.7,19.48,9,0.27,128.1 E,127.2 E,526.52,39.53,4,5.28,
Don Primo,13467,2011-10-08,0,25.8,13.5,19.33,17.4,0.59,204.4 S,182.9 S,388.68,60.19,3,3.89,
Don Primo,13467,2011-10-09,0.4,25,15.9,19.38,0.7,0.02,97 E,182 S,351.72,63.42,2.5,3.48,
Don Primo,13467,2011-10-10,0,24.9,14.6,19.19,3.3,0.18,90.8 E,110.3 E,331.69,62.4,2.4,3.38,
Don Primo,13467,2011-10-11,6.8,22.3,15.5,17.45,0.6,0.01,122.9 E,112.9 E,175.9,73.2,1,1.98,
Don Primo,13467,2011-10-12,4.6,16.4,12.2,14.95,0,0,159.1 SE,207.6 S,123.71,90.56,0.7,1.05,
Don Primo,13467,2011-10-13,0.6,21.2,13.7,16.82,1.1,0.03,73 NE,135.1 SE,229.73,76.15,1.3,2.44,
Don Primo,13467,2011-10-14,0,23.5,9.8,16.64,1.8,0.05,73.9 NE,75.8 NE,368.2,67.86,2.6,3.7,
Don Primo,13467,2011-10-15,0,25.3,8.4,17.04,5.1,0.27,58.9 NE,73.4 NE,517.18,57.81,4,4.98,
Don Primo,13467,2011-10-16,0,25.6,5.9,16.14,2.1,0.07,68.2 NE,76 NE,525.15,51.21,4,5.09,
Don Primo,13467,2011-10-17,0,26.5,4.5,16.08,4.2,0.24,36 N,38 N,520.5,46.35,4,5.21,
Don Primo,13467,2011-10-18,0,27.5,4.7,17.09,15,1.39,96 E,57.8 NE,518.06,36.05,4.3,5.67,
Don Primo,13467,2011-10-19,0,25,7.4,16.44,1.3,0.04,28.9 N,46.7 NE,500.98,51.48,3.8,4.94,
Don Primo,13467,2011-10-20,0,26.8,5.6,16.16,0.6,0.01,92.9 E,64.8 NE,517.17,46.48,3.8,5.15,
Don Primo,13467,2011-10-21,0,27.1,6.2,17.03,0.1,0,348 NO,65.3 NE,504.12,35.97,3.8,5.27,
Don Primo,13467,2011-10-22,0,24.6,6.4,16.6,2.2,0.07,337.8 NO,10.9 N,463.87,35.31,3.5,4.98,
Don Primo,13467,2011-10-23,0,25.5,5.6,16.36,9.5,1,47.2 NE,59.1 NE,500.33,38.73,3.9,5.36,
Don Primo,13467,2011-10-24,0,24.6,5.3,15.76,4.4,0.5,70.2 NE,75.2 NE,507.65,39.2,3.7,5.29,
Don Primo,13467,2011-10-25,0,25.7,3.7,14.47,3.2,0.09,75.1 NE,41.1 N,511.51,34.18,3.7,5.37,
Don Primo,13467,2011-10-26,0,27.5,2.7,15.29,3.4,0.13,11 N,33.9 N,505.65,32.2,3.7,5.46,
Don Primo,13467,2011-10-27,0,26.7,4.7,15.69,0.5,0.01,159.4 SE,144.8 SE,476.41,42.12,3.6,5.06,
Don Primo,13467,2011-10-28,0,27,8,17.42,0.8,0.01,74 NE,10 N,430.47,51.46,3.1,4.58,
Don Primo,13467,2011-10-29,0,25.4,9,17.1,0.1,0,259.2 SO,12.6 N,462.83,52.96,3.4,4.67,
Don Primo,13467,2011-10-30,0,26.4,8.4,18.08,1.5,0.08,239.9 SO,261.1 SO,467.49,44.45,3.4,4.85,
Don Primo,13467,2011-10-31,0,24.6,8.6,17,2.9,0.21,75.9 NE,67 NE,478.93,39.07,3.6,4.98,
Don Primo,13467,2011-11-01,0,24.9,4.2,14.27,0.3,0,0.9 N,32.6 N,486.89,46.12,3.5,4.87,
Don Primo,13467,2011-11-02,0,26.6,2.8,14.81,0.2,0,209.9 S,105.3 E,470.28,38.4,3.4,5,
Don Primo,13467,2011-11-03,0,25.4,6.2,16.16,3.6,0.08,139 SE,61.1 NE,470.18,37.41,3.4,5.08,
Don Primo,13467,2011-11-04,0,24.9,6.7,15.86,4.2,0.12,225.9 SO,188.1 S,459.02,53.51,3.5,4.72,
Don Primo,13467,2011-11-05,0,25.3,7.7,16.89,9.6,0.79,210.7 S,213.7 S,408.94,45.93,3.2,4.61,
Don Primo,13467,2011-11-06,0,24.8,6.7,16.41,9.6,0.61,214.9 S,152.4 SE,459.19,44.82,3.5,4.89,
Don Primo,13467,2011-11-07,0,25.3,5.6,16.36,7.9,0.38,297.2 O,124.6 E,425.23,45.15,3.1,4.61,
Don Primo,13467,2011-11-08,0,25.8,7.3,16.92,15.1,1.4,232.9 SO,155.5 SE,435.56,48.1,3.6,4.79,
Don Primo,13467,2011-11-09,0,24.9,5.3,15.57,4.7,0.45,238.9 SO,167.4 SE,446.53,46.16,3.3,4.73,
Don Primo,13467,2011-11-10,0,18.3,6,11.85,19.8,5.61,5 N,18.4 N,431.76,58.18,3,5.05,
Don Primo,13467,2011-11-11,0,21.4,2.1,11.69,11.8,0.98,198 S,108.6 E,440.83,62.79,3.1,4.54,
Don Primo,13467,2011-11-12,0,23.3,4.6,14.29,9.3,1.02,236.6 SO,164.3 SE,444.52,50.65,3.2,4.94,
Don Primo,13467,2011-11-13,0,24.1,3.7,14.47,9.4,1.11,225.9 SO,186.1 S,461.72,48.26,3.2,5.16,
Don Primo,13467,2011-11-14,0,23.6,4.7,14.38,12.5,1.6,343.6 NO,196.4 S,377.14,50.71,2.8,4.52,
Don Primo,13467,2011-11-15,0,23.3,8.3,14.89,16.4,2.22,243.1 SO,200.8 S,444.17,53.17,3.3,4.96,
Don Primo,13467,2011-11-16,0,24.7,4.3,14.32,0.1,0,222.3 S,146 SE,446.29,48.09,3,4.75,
Don Primo,13467,2011-11-17,0,22.3,6.8,14.72,4.7,0.48,105.7 E,80.4 NE,392.82,47.76,2.9,4.44,
Don Primo,13467,2011-11-18,0,23.1,5.8,14.46,10.5,0.53,193.5 S,124.9 E,418.99,59.25,3,4.4,
Don Primo,13467,2011-11-19,0,24.4,6.7,15.2,7.9,0.36,190.9 S,95.8 E,420.63,50.55,3,4.58,
Don Primo,13467,2011-11-20,0,26.6,7.3,17.19,0.5,0.01,271.9 O,13.9 N,426.36,48.15,2.8,4.63,
Don Primo,13467,2011-11-21,0,25.7,8.8,17.39,0.7,0.01,205.9 S,179 SE,393.2,47.76,2.7,4.34,
Don Primo,13467,2011-11-22,0,27.5,7.2,17.02,0.5,0.01,274.9 O,20.1 N,417.85,47.97,2.8,4.48,
Don Primo,13467,2011-11-23,0,24.6,8.7,16.29,2.1,0.03,34.1 N,44 N,401.58,49.27,2.8,4.24,
Don Primo,13467,2011-11-24,0,25.2,5.4,15.38,1.7,0.02,305.2 O,69.1 NE,429.6,50.05,2.8,4.45,
Don Primo,13467,2011-11-25,0,24.1,3.7,14.98,8.2,0.56,288.9 O,204.3 S,397.77,43.77,2.8,4.47,
Don Primo,13467,2011-11-26,0,22,4.9,14.09,23.5,2.25,356.8 NO,43.8 N,355.95,55.53,2.5,4.17,
Don Primo,13467,2011-11-27,0,10.8,1.9,6.94,29.4,13.07,22.5 N,18.1 N,308.33,39.74,2.4,6.05,
Don Primo,13467,2011-11-28,0,17.2,-5.2,5.21,15.6,1.75,34.5 N,23.5 N,463.45,25.88,2.6,5.96,
Don Primo,13467,2011-11-29,0,21.1,-7,6.52,0,0,268.7 SO,26.3 N,446.63,23.81,2.6,5.62,
Don Primo,13467,2011-11-30,0,22.7,-4,9.21,0,0,138.3 SE,37.3 N,444.96,20.19,2.7,5.84,
Don Primo,13467,2011-12-01,0,23.3,-1.6,10.85,13.3,0.86,230.8 SO,124.9 E,424.47,26.21,2.8,5.72,
Don Primo,13467,2011-12-02,0,24,1.1,12.97,11.3,1.04,195.4 S,135.7 SE,417.19,33.24,2.9,5.43,
Don Primo,13467,2011-12-03,0,24.2,3.1,13.88,16.5,2.5,268.8 SO,152.9 SE,413.13,39.18,3.2,5.4,
Don Primo,13467,2011-12-04,0,24.4,1.9,13.84,20.2,2.89,248.5 SO,202.9 S,420.14,38.9,3.5,5.42,
Don Primo,13467,2011-12-05,0,24.4,3.3,14.65,21.5,2.5,255.3 SO,188.9 S,417.66,43.02,3.3,5.16,
Don Primo,13467,2011-12-06,0,24.3,2.1,13.36,11.1,1.04,206.9 S,151.2 SE,394.95,39.11,2.8,4.78,
Don Primo,13467,2011-12-07,0,21.6,5.5,12.29,2.1,0.12,15.6 N,14.3 N,365.94,42.2,2.2,4.32,
Don Primo,13467,2011-12-08,0,23.6,1.6,12.32,3.8,0.24,212.2 S,192.2 S,397.95,54.16,2.6,4.4,
Don Primo,13467,2011-12-09,0,23,2.3,13.06,0.8,0.01,194.2 S,114 E,397.49,44.1,2.5,4.6,
Don Primo,13467,2011-12-10,0,22.5,5.3,13.53,3,0.09,125.2 E,82.8 NE,379.23,51.19,2.4,4.36,
Don Primo,13467,2011-12-11,0,21.4,4,13.52,2.3,0.13,193.5 S,137.6 SE,388.1,58.3,2.4,4.27,
Don Primo,13467,2011-12-12,0,22.5,4.4,13.75,1.7,0.08,206.6 S,,381.43,56.76,2.3,4.21,
Don Primo,13467,2011-12-13,0,23,4.4,13.58,1.3,0.08,234.1 SO,13.7 N,389.51,54.93,2.5,4.29,
Don Primo,13467,2011-12-14,0,24,3.4,13.8,8.2,0.61,209 S,163.9 SE,389.17,50.03,2.8,4.47,
Don Primo,13467,2011-12-15,0,24.2,2.1,13.07,5.1,0.39,203.3 S,156.5 SE,393.38,41.74,2.6,4.62,
Don Primo,13467,2011-12-16,0,23,3.5,13.62,3.2,0.18,221.5 S,114 E,373.03,47.03,2.3,4.34,
Don Primo,13467,2011-12-17,0,23.4,7.3,14.71,1.3,0.06,110.1 E,59.5 NE,348.13,61.03,2.1,3.89,
Don Primo,13467,2011-12-18,0,22.1,9,14.82,0.6,0.01,207.1 S,123.9 E,391.72,57.23,2.5,4.24,
Don Primo,13467,2011-12-19,0,22.4,4.7,13.99,18.9,3.15,233.3 SO,225 SO,379.94,51.33,3.1,4.67,
Don Primo,13467,2011-12-20,0,21.6,4.4,13.56,16.9,2.56,249.1 SO,195.4 S,392,49.28,2.9,4.71,
Don Primo,13467,2011-12-21,0,21.8,3.2,12.58,21.5,2.5,249.5 SO,188.4 S,394.85,49.72,2.9,4.74,
Don Primo,13467,2011-12-22,0,20.8,5.2,13.12,6.5,0.46,185.9 S,180.1 S,371.97,50.77,2.3,4.3,
Don Primo,13467,2011-12-23,0,22.8,2.5,12.32,11.7,1.1,200.4 S,166.1 SE,387.15,47.51,2.6,4.61,
Don Primo,13467,2011-12-24,0,23.2,2.5,12.47,10.5,1.48,203.3 S,159.1 SE,383.12,45.4,2.7,4.72,
Don Primo,13467,2011-12-25,0,22.3,2.3,11.66,8.4,1.31,214.4 S,88.4 NE,396.63,44.23,2.5,4.81,
Don Primo,13467,2011-12-26,0,23,1.9,12.97,13.6,1.34,236.7 SO,223.9 S,337.53,44.86,2.5,4.42,
Don Primo,13467,2011-12-27,0,21.8,1.8,12.06,0.7,0.02,19.5 N,16 N,392.96,26.33,2.4,4.9,
Don Primo,13467,2011-12-28,0,24.5,1.2,12.99,7.5,0.39,256.3 SO,,398.22,32.57,2.6,4.95,
Don Primo,13467,2011-12-29,0,23,2.9,13.19,3.3,0.1,255.9 SO,7.3 N,347.87,26.97,2,4.57,
Don Primo,13467,2011-12-30,0,23.4,3.6,13.56,0,0,96.1 E,63.6 NE,325.59,42.41,2,4.12,
Don Primo,13467,2011-12-31,0,23.9,4.5,14.68,5.1,0.24,217.3 S,,372.83,42.96,2.3,4.46,
Don Primo,13467,2012-01-01,0,24.5,6.3,14.39,7.9,0.94,96.9 E,53.6 NE,355.77,53.82,2.3,4.2,
Don Primo,13467,2012-01-02,0,17.5,7.4,12.18,7.6,0.39,94.2 E,67.6 NE,215.6,65.98,1.2,2.7,
Don Primo,13467,2012-01-03,0,17.9,3.3,10.11,0.4,0.01,8 N,41.1 N,378.99,60.98,2.2,4.16,
Don Primo,13467,2012-01-04,0,20.4,0.3,9.83,0.5,0.01,31.9 N,32.3 N,410.07,48.22,2.4,4.67,
Don Primo,13467,2012-01-05,0,19.8,-0.3,10.09,9.9,0.58,1.4 N,21 N,387.17,40.08,2.4,4.86,
Don Primo,13467,2012-01-06,0,18.2,0.2,10.01,0,0,9.6 N,95.8 E,357.78,54.61,2,4.38,
Don Primo,13467,2012-01-07,0,21.3,-1.3,10.58,0.6,0.01,198.1 S,153.8 SE,414.84,38.07,2.4,5.04,
Don Primo,13467,2012-01-08,0,22.2,4.1,12.85,12.3,1.66,217.8 S,176.3 SE,349.83,39.24,2.4,4.81,
Don Primo,13467,2012-01-09,0,19.6,4.9,11.82,12,1.55,200.5 S,194.9 S,302.24,38.03,2.1,4.36,
Don Primo,13467,2012-01-10,0,21,5,12.81,13.5,1.65,210 S,163 SE,347.52,34.41,2.4,4.77,
Don Primo,13467,2012-01-11,0,23,-2.2,10.15,6.8,0.39,268.9 SO,76.9 NE,413.48,29.11,2.6,5.08,
Don Primo,13467,2012-01-12,0,23,-2.8,10.17,8.3,0.84,211.6 S,166.4 SE,412.88,27.84,2.8,5.26,
Don Primo,13467,2012-01-13,0,22.1,2.8,13.43,8.1,0.75,281 O,155.1 SE,321.38,27.24,2.1,4.62,
Don Primo,13467,2012-01-14,0,18.5,6.5,12.4,0,0,47.5 NE,43.5 N,217.23,41.8,1,3.33,
Don Primo,13467,2012-01-15,0,22.3,3.8,13.34,0,0,59.8 NE,86.6 NE,403.36,55.61,2.6,4.48,
Don Primo,13467,2012-01-16,0,23.5,4.8,14.11,0.7,0.02,252.9 SO,45.6 NE,377.37,52.91,2.5,4.28,
Don Primo,13467,2012-01-17,0,24,3.2,13.86,0.5,0.01,252.2 SO,73.2 NE,396.44,38.51,2.5,4.66,
Don Primo,13467,2012-01-18,0,24.3,4.3,13.71,0,0,84.4 NE,38.3 N,344.91,36.78,2.1,4.31,
Don Primo,13467,2012-01-19,0,23.7,6.9,15.04,3.7,0.14,208.8 S,107.9 E,292.6,43.25,1.9,3.82,
Don Primo,13467,2012-01-20,0,25.4,2.8,13.9,0.5,0.01,291.3 O,165.8 SE,389.66,33.06,2.4,4.68,
Don Primo,13467,2012-01-21,0,25.3,2,13.63,2.2,0.09,184.1 S,124.3 E,410.28,27.44,2.8,4.95,
Don Primo,13467,2012-01-22,0,24.8,4.1,13.92,0,0,103 E,132.3 E,325.03,33.43,2,4.22,
Don Primo,13467,2012-01-23,0,24.6,2.5,13.97,4.3,0.27,201.2 S,182.2 S,412.61,33.59,2.9,4.89,
Don Primo,13467,2012-01-24,0,23.3,3.7,14.36,23.7,4.65,231.6 SO,211.2 S,372,37.78,3.4,5.33,
Don Primo,13467,2012-01-25,0,21.6,6.7,13.68,31.5,6.32,242.8 SO,200.6 S,421.27,37.97,3.6,5.93,
Don Primo,13467,2012-01-26,0,18.9,0,9.55,10.3,0.65,24.3 N,24.1 N,440.11,31.26,2.7,5.21,
Don Primo,13467,2012-01-27,0,21.4,-1.7,9.68,3.4,0.23,196.6 S,62.1 NE,431.67,29.39,2.8,5.17,
Don Primo,13467,2012-01-28,0,21.2,-0.4,11.43,9.8,0.4,115.2 E,139.4 SE,425.08,37.39,2.9,5.12,
Don Primo,13467,2012-01-29,14,19.1,4.5,11.2,7.8,0.56,94.3 E,95.6 E,267.36,71.18,1.6,3.38,
Don Primo,13467,2012-01-30,3.6,12.3,8.6,10.2,0,0,18.9 N,93.3 E,112.31,90,0.2,1.6,
Don Primo,13467,2012-01-31,0.2,18,5.5,11.98,0,0,182.1 S,167.5 SE,323.72,78.91,2.1,3.64,
Don Primo,13467,2012-02-01,0,21.4,6.9,13.96,0,0,67.2 NE,56.4 NE,390.37,70.01,2.7,4.21,
Don Primo,13467,2012-02-02,0,22.3,6.1,14.34,3,0.21,201.2 S,185.8 S,459.97,61.64,3.2,4.81,
Don Primo,13467,2012-02-03,0,23.1,5.2,14.75,4.8,0.32,209.5 S,177 SE,467.49,51.16,3.2,4.97,
Don Primo,13467,2012-02-04,0,23.8,3,14.34,6.3,0.4,202.6 S,122.2 E,457.66,48.4,3.2,4.9,
Don Primo,13467,2012-02-05,0,20.6,9.4,14.49,11.6,0.27,226.3 SO,97.5 E,334.37,52.88,2.1,3.87,
Don Primo,13467,2012-02-06,0,21.7,5,13.02,2.9,0.17,196.8 S,356.2 NO,419.44,54.78,2.8,4.46,
Don Primo,13467,2012-02-07,0,15.6,6.5,10.44,3.9,0.14,127.8 E,118.6 E,143.8,54.79,0.6,2.19,
Don Primo,13467,2012-02-08,3.8,20,0.2,9.69,5.6,0.24,4.4 N,74.2 NE,422.35,62.76,2.7,4.52,
Don Primo,13467,2012-02-09,5.4,17.7,4.4,10.66,4.1,0.2,270.7 O,345.6 NO,453.24,77.27,2.8,4.77,
Don Primo,13467,2012-02-10,0,15.1,7.9,10.95,0.2,0,190.9 S,204 S,214.4,75.91,1.2,2.87,
Don Primo,13467,2012-02-11,24,11.1,8.7,9.65,0,0,203.2 S,356.6 NO,100.7,91.61,0.2,1.48,
Don Primo,13467,2012-02-12,7.6,15.7,8.4,11.14,5.6,0.31,111.6 E,169 SE,226,87.33,1.2,2.78,
Don Primo,13467,2012-02-13,0,18.1,8.1,12.78,23.2,2.54,233.9 SO,203.3 S,409.96,73.21,2.6,4.66,
Don Primo,13467,2012-02-14,0,19.8,9.8,14.26,23.1,4.05,257.5 SO,201.6 S,382.39,74.71,2.3,4.39,
Don Primo,13467,2012-02-15,2,19.2,10.8,13.88,8.2,0.72,271.8 O,202.2 S,302.64,76.28,2,3.38,
Don Primo,13467,2012-02-16,6,15.7,9.4,12.09,0.5,0.01,191.6 S,197 S,203.72,82.73,1.1,2.34,
Don Primo,13467,2012-02-17,0,19.4,10.4,14.03,17.1,2.72,,207.2 S,359.21,66.87,2.5,4.13,
Don Primo,13467,2012-02-18,0,21.1,8.8,14.31,18.8,3.11,229.4 SO,214.1 S,517.54,59,3.3,5.57,
Don Primo,13467,2012-02-19,0,19.8,4.6,12,5.8,0.42,218.8 S,165.3 SE,328.29,57.3,2.2,3.84,
Don Primo,13467,2012-02-20,0,22.4,3.1,13.71,5.2,0.51,200 S,189.4 S,430.14,45.81,3.1,4.83,
Don Primo,13467,2012-02-21,0,23.3,7.9,15.52,12.8,0.82,203.2 S,176.9 SE,378.42,57.72,3,4.28,
Don Primo,13467,2012-02-22,0,23.5,7.3,16.03,1.3,0.02,219.1 S,154.5 SE,443.39,58.33,3.2,4.6,
Don Primo,13467,2012-02-23,0,22.7,6.8,14.84,14.9,1.75,251.8 SO,235.9 SO,380.89,57.3,3.1,4.29,
Don Primo,13467,2012-02-24,0,22.9,11,16,19.7,4.19,218.8 S,203.9 S,459.48,52.76,3.9,5.28,
Don Primo,13467,2012-02-25,0,22.3,3.4,12.88,17.7,1.36,14.5 N,20.4 N,535.07,51.18,3.8,5.46,
Don Primo,13467,2012-02-26,0,24.1,3.6,13.91,5.6,0.89,238.1 SO,282.6 O,485.57,53.62,3.7,5.04,
Don Primo,13467,2012-02-27,0,23.6,6,15.77,1.1,0.01,222 S,153.7 SE,356.93,41.95,2.4,4.25,
Don Primo,13467,2012-02-28,0,27.3,7.4,17.41,0,0,92.5 E,54.8 NE,481.49,43.98,3.6,5.13,
CEPAB,22581,2011-07-30,0,25.2,12.7,19.49,14.5,4.51,95.5 E,79.8 NE,332.26,53.76,3.4,4.1,
CEPAB,22581,2011-07-31,0,26.1,15.4,20.12,16.6,6.99,83.2 NE,68.1 NE,356.07,54.66,3.9,4.63,
CEPAB,22581,2011-08-01,0,26.9,15,20.35,15.4,6.74,83.4 NE,60.8 NE,444.83,56.05,4.8,5.18,
CEPAB,22581,2011-08-02,0,29.1,13.5,21.23,11.2,3.48,72.1 NE,48.1 NE,505.34,53.15,5.3,5.31,
CEPAB,22581,2011-08-03,0,29.3,13.2,21.55,13.6,3.91,100.3 E,61.5 NE,564.58,50.25,5.9,5.82,
CEPAB,22581,2011-08-04,0,26.1,16.9,21.23,8.8,1.55,96.4 E,139.8 SE,324.77,54.86,2.7,3.61,
CEPAB,22581,2011-08-05,1.4,30.6,15.4,21.25,10.9,2.29,263.4 SO,148.7 SE,481.95,61.74,4.5,4.7,
CEPAB,22581,2011-08-06,34.2,28.2,13.9,20.1,21.3,4.41,313.2 O,14.4 N,521.42,67.23,5,4.95,
CEPAB,22581,2011-08-07,0.8,28.6,13.7,20.34,7.5,1.86,342.7 NO,74.9 NE,561,64.04,5,5.05,
CEPAB,22581,2011-08-08,0,26.2,15.7,20.15,11.2,2.24,268.6 SO,202.3 S,427.58,63.18,4,4.21,
CEPAB,22581,2011-08-09,7.4,28.7,13.2,19.79,14.2,2.28,281 O,156.2 SE,523.78,67.22,5.1,4.82,
CEPAB,22581,2011-08-10,5,29.7,15.6,21.45,8.1,1.73,225.5 SO,192.3 S,551.66,63.77,5,5.06,
CEPAB,22581,2011-08-11,0.4,29.5,14.3,21.69,3.8,1.18,75.7 NE,183.5 S,555.5,59.32,5.2,5.1,
CEPAB,22581,2011-08-12,0,30.1,15.6,21.6,20.1,2.22,23.6 N,4.7 N,508.56,62.59,4.8,4.84,
CEPAB,22581,2011-08-13,0,29.5,14.8,21.48,6.6,1.27,,143.3 SE,551.44,60.21,4.9,4.99,
CEPAB,22581,2011-08-14,0,28.7,12.7,20.35,8.3,2.03,83.8 NE,65 NE,554.63,59.95,5.2,5.1,
CEPAB,22581,2011-08-15,0,28.7,13.3,21.18,9.5,3.75,95.4 E,63.1 NE,544.3,48.81,5.2,5.66,
CEPAB,22581,2011-08-16,0,29.6,13,21.35,11.3,3.19,76.3 NE,71.3 NE,553.76,46.93,5.4,5.72,
CEPAB,22581,2011-08-17,0,29.6,11.6,21.12,9.8,3.33,77.4 NE,52.8 NE,524.64,47.7,5,5.54,
CEPAB,22581,2011-08-18,0,30.1,12.4,21.22,7.3,2.08,59.2 NE,63.9 NE,588.51,40.78,5.6,5.91,
CEPAB,22581,2011-08-19,0,30.1,11.8,21.4,9.1,1.82,49 NE,74.5 NE,574.33,42.93,5.3,5.71,
CEPAB,22581,2011-08-20,0,30.8,13.7,22.23,10.9,2.23,111 E,77.9 NE,534.38,42.19,5,5.59,
CEPAB,22581,2011-08-21,0,28.4,13.1,21.38,12.4,3.86,85.3 NE,59.4 NE,553.46,47.93,5.6,5.72,
CEPAB,22581,2011-08-22,0,27.1,15.3,20.71,16.2,6.31,100.5 E,60.9 NE,402.35,54.82,4.3,4.82,
CEPAB,22581,2011-08-23,0,27,15.6,20.83,8.7,1.56,88 NE,55.4 NE,351.96,56.51,3.1,3.76,
CEPAB,22581,2011-08-24,0,29.9,14.3,21.48,8.3,2.51,72.4 NE,92.2 E,508.01,58.18,4.7,4.99,
CEPAB,22581,2011-08-25,0,29.3,13.7,21.55,16.7,4.14,87.4 NE,68.5 NE,496,54.72,4.9,5.24,
CEPAB,22581,2011-08-26,3.6,26.9,14,20.84,12.2,2.74,28.1 N,49.8 NE,366.79,59.27,3.3,3.95,
CEPAB,22581,2011-08-27,0.4,25.9,16,19.9,11,1.83,97.6 E,7.6 N,346.86,70.86,2.9,3.37,
CEPAB,22581,2011-08-28,5.4,25.8,14.6,18.57,10.4,1.61,117.9 E,31.3 N,406.36,76.71,3.4,3.64,
CEPAB,22581,2011-08-29,0,27.6,12,19.81,9.4,3.28,65.6 NE,48.5 NE,507.77,59.28,4.6,5.07,
CEPAB,22581,2011-08-30,0,27.9,11.3,19.96,11.3,3.39,81.8 NE,40.2 N,544.29,53,5.3,5.55,
CEPAB,22581,2011-08-31,0,26.7,12.6,19.36,12.6,3.56,84.7 NE,55.2 NE,350.29,59.89,3.4,4.05,
CEPAB,22581,2011-09-01,4.8,23,16.7,18.64,6.5,0.81,201.4 S,202.7 S,180.63,79.16,1.1,1.96,
CEPAB,22581,2011-09-02,3.4,28,16.5,20.77,10.1,1.59,276 O,199 S,489.82,72.62,4.3,4.43,
CEPAB,22581,2011-09-03,27.8,23.9,14.4,17.94,10.5,1.76,,202 S,309.1,81.76,2.3,2.9,
CEPAB,22581,2011-09-04,13,26.7,15.6,19.41,13.1,3.05,2.2 N,10.4 N,379.45,76.62,3.3,3.71,
CEPAB,22581,2011-09-05,0,24,15,19.57,12.7,3.88,100.8 E,59.6 NE,335.09,63.78,2.9,3.77,
CEPAB,22581,2011-09-06,0,24.9,13.6,18.55,9.9,2.99,68.9 NE,44 N,371.98,65.74,3.3,3.92,
CEPAB,22581,2011-09-07,0,25.6,10.5,18.01,9.9,3.26,46.9 NE,64.5 NE,581.55,54.46,5.2,5.71,
CEPAB,22581,2011-09-08,0,25.3,6.3,16.24,10,2.79,29.4 N,34.7 N,575.88,49.51,5.1,5.77,
CEPAB,22581,2011-09-09,0,25.6,6.8,16.91,7.9,2.15,50.5 NE,47.7 NE,564.24,50.43,5,5.64,
CEPAB,22581,2011-09-10,0,26.1,9.2,18.12,10.6,3.18,84.7 NE,63.9 NE,556.14,47.12,5.3,5.89,
CEPAB,22581,2011-09-11,0,25.1,8.7,17.55,16.5,5.03,87.8 NE,56.5 NE,504.86,55.85,4.7,5.53,
CEPAB,22581,2011-09-12,0,26.8,15.3,20.29,10.8,4,86.7 NE,78.6 NE,453.7,55.98,4.3,5.05,
CEPAB,22581,2011-09-13,0,29,10.5,19.99,8.4,1.64,55.6 NE,29.7 N,566.18,51.52,5,5.53,
CEPAB,22581,2011-09-14,0,30,10.6,20.84,5.1,1.04,309.2 O,54 NE,577.04,46.51,5,5.61,
CEPAB,22581,2011-09-15,0,29,12.9,20.87,4.5,0.82,147.1 SE,136.9 SE,500.58,44.09,4.3,5.04,
CEPAB,22581,2011-09-16,0,27.5,11.8,19.85,5.7,1.23,206.9 S,163.1 SE,487.32,54.44,4.1,4.72,
CEPAB,22581,2011-09-17,0,28.1,12.9,20.28,7.4,1.25,274.8 O,162.5 SE,491.54,62.34,4,4.58,
CEPAB,22581,2011-09-18,8.1,27.1,15.9,19.81,13.3,3.57,21.3 N,16.2 N,412.09,68.07,3.3,4.16,
CEPAB,22581,2011-09-19,14.3,24.9,15.4,18.39,24.5,4.82,6.4 N,358.3 NO,377.25,76.16,2.9,3.73,
CEPAB,22581,2011-09-20,0,26.2,12.8,18.86,7.5,1.73,5.9 N,19.2 N,543.38,65.62,4.5,4.94,
CEPAB,22581,2011-09-21,0,26.3,12.1,18.82,7.9,2.22,45.7 NE,37.1 N,487.97,60.45,4,4.79,
CEPAB,22581,2011-09-22,0,27,10.4,18.97,4.8,1.35,73.2 NE,38.7 N,512.97,57.71,4.3,4.95,
CEPAB,22581,2011-09-23,0,26.7,11.7,19.68,10.5,2.85,65.8 NE,63.5 NE,496.09,52.68,4.5,5.17,
CEPAB,22581,2011-09-24,0,25.2,11.4,18.44,7.4,1.7,349.3 NO,20.3 N,416.69,58.97,3.6,4.25,
CEPAB,22581,2011-09-25,0,27.4,11.3,19.21,7.1,1.13,16.4 N,19.2 N,465.65,51.74,4.2,4.73,
CEPAB,22581,2011-09-26,0,28.6,8.6,18.49,9.2,1.55,343 NO,37.9 N,474.13,45.76,4.1,5.03,
CEPAB,22581,2011-09-27,0,29.3,10.3,19.11,6.8,1.08,296.9 O,291 O,464.26,50.5,3.7,4.82,
CEPAB,22581,2011-09-28,0,25.2,12.9,19.03,17.2,2.26,344.6 NO,4.7 N,279.06,55.45,2.4,3.49,
CEPAB,22581,2011-09-29,0,28.4,12.3,20.1,12.9,1.72,293.3 O,14.3 N,468.63,50.92,3.9,4.9,
CEPAB,22581,2011-09-30,0,24.9,13.9,18.87,9.9,3.63,100.8 E,40.1 N,448.72,62.02,3.5,4.6,
CEPAB,22581,2011-10-01,0,21.6,11.9,17.04,12.3,3.23,82.4 NE,62 NE,328.77,61.58,2.8,3.64,
CEPAB,22581,2011-10-02,0,24.4,9.5,16.61,10.8,2.77,83.7 NE,52.1 NE,431.38,62.19,3.6,4.42,
CEPAB,22581,2011-10-03,0,25.5,9.5,17.4,10.4,2.38,87.6 NE,50.9 NE,538.26,60.2,4.2,5.25,
CEPAB,22581,2011-10-04,0,26.5,9.3,17.62,5.5,1.67,81.8 NE,43 N,503.27,56.74,3.9,5.05,
CEPAB,22581,2011-10-05,0,28.1,9.7,18.31,4.6,1.17,46.6 NE,,503.13,54.22,3.8,5.06,
CEPAB,22581,2011-10-06,0,28.1,9,19.1,5.8,1.06,11 N,24 N,502.52,44.94,4,5.22,
CEPAB,22581,2011-10-07,0,28.2,8.5,19.01,5,0.93,86.9 NE,139.6 SE,530.2,42.54,4.2,5.39,
CEPAB,22581,2011-10-08,4.2,25,13.3,18.66,9.5,1.53,120.3 E,187.1 S,306.05,63.56,2.3,3.38,
CEPAB,22581,2011-10-09,0,25.1,15.6,18.91,6.3,1.09,306.3 O,188.5 S,370.86,66.39,2.8,3.71,
CEPAB,22581,2011-10-10,0,23.9,14.4,18.77,9.6,3.25,115.1 E,100.8 E,268.59,64.19,2.2,3.25,
CEPAB,22581,2011-10-11,4.6,21.6,15.3,17.24,6.6,1.99,93.9 E,,174.68,72.76,1.1,2.14,
CEPAB,22581,2011-10-12,3.6,16.4,12.2,14.82,3.4,0.31,187 S,211.6 S,120.23,90.84,0.7,1.05,
CEPAB,22581,2011-10-13,0.8,21,13.8,16.73,12.7,1.32,73 NE,121.4 E,207.9,75.94,1.5,2.38,
CEPAB,22581,2011-10-14,0,23.7,8.7,16.47,8.1,1.48,68.6 NE,66.2 NE,403.58,67.5,3,4.11,
CEPAB,22581,2011-10-15,0,25.2,7.6,16.63,9.6,2.94,85 NE,63.8 NE,498.78,58.67,4.2,5.19,
CEPAB,22581,2011-10-16,0,25.5,6.3,15.97,8.8,2.03,99.2 E,56.1 NE,532.29,51.12,4.1,5.46,
CEPAB,22581,2011-10-17,0,27.2,4.2,15.94,8.1,1.94,61.3 NE,23.6 N,531.03,47.35,4.3,5.57,
CEPAB,22581,2011-10-18,0,27.3,5.1,17.23,17.1,3.99,83.7 NE,41.1 N,513.2,32.99,4.5,6.29,
CEPAB,22581,2011-10-19,0,24.6,8.4,16.26,6,1.81,119.3 E,352.9 NO,480.23,50.38,3.6,5.09,
CEPAB,22581,2011-10-20,0,26.6,5.4,16.06,8.8,1.18,61.7 NE,55.1 NE,488.16,44.91,3.7,5.19,
CEPAB,22581,2011-10-21,0,26.9,5.2,16.22,6.2,1.03,17.1 N,6.5 N,471.44,38.01,3.5,5.22,
CEPAB,22581,2011-10-22,0,25,4.9,16.37,7.1,1.51,356.2 NO,20 N,440.49,34.49,3.1,5.16,
CEPAB,22581,2011-10-23,0,25.6,4.7,15.65,15,3.44,73.4 NE,54 NE,466.05,40.31,3.9,5.58,
CEPAB,22581,2011-10-24,0,24.1,4.7,15.38,11.6,2.99,92.4 E,55.8 NE,467.84,40.18,3.9,5.48,
CEPAB,22581,2011-10-25,0,25.4,1.8,13.9,8.4,1.67,,24.5 N,477.28,37.5,3.6,5.41,
CEPAB,22581,2011-10-26,0,27.1,2.9,15.01,9.5,1.53,5.5 N,54.9 NE,460.89,31.47,3.5,5.52,
CEPAB,22581,2011-10-27,0,26.9,3.8,15.74,5,0.95,86.1 NE,156.2 SE,427.73,41.06,3.3,4.96,
CEPAB,22581,2011-10-28,0,26.8,8.1,17.39,6.6,1,83.1 NE,127.9 E,396.51,50.4,3.1,4.54,
CEPAB,22581,2011-10-29,0,25.4,9.6,16.99,6.9,1.56,352.4 NO,354.6 NO,419.97,51.15,3.1,4.66,
CEPAB,22581,2011-10-30,0,26.1,8.4,17.82,5.4,1.02,51.4 NE,260.5 SO,403.67,44.09,3.2,4.59,
CEPAB,22581,2011-10-31,0,24.5,6.8,16.17,10.1,2.84,87.6 NE,62.9 NE,424.1,41.03,3.4,5.04,
CEPAB,22581,2011-11-01,0,24.2,3.6,13.88,4.3,0.98,7.8 N,351.2 NO,429.41,44.39,3.1,4.69,
CEPAB,22581,2011-11-02,0,26.1,3.1,14.42,3.9,0.63,97.8 E,115.2 E,416.69,37.56,3,4.8,
CEPAB,22581,2011-11-03,0,25.2,6,15.56,6.3,1.76,85.9 NE,41 N,417.83,36.46,3.2,5.11,
CEPAB,22581,2011-11-04,0,25.6,6.1,15.72,5.3,0.9,195.5 S,209.3 S,413.47,53.04,3,4.57,
CEPAB,22581,2011-11-05,0,25.7,7.6,16.92,7.5,1.72,236 SO,228.7 SO,367.34,44.04,3,4.56,
CEPAB,22581,2011-11-06,0,25.9,7.2,16.59,7.6,1.41,238 SO,185 S,395.11,42.46,3.1,4.68,
CEPAB,22581,2011-11-07,0,25.6,5.3,16.13,3.9,0.82,149.5 SE,123.2 E,329.26,44.69,2.4,4.05,
CEPAB,22581,2011-11-08,0,26.6,7.4,16.82,11.1,1.86,223.5 S,216.1 S,386.46,47.43,3.2,4.57,
CEPAB,22581,2011-11-09,0,25.7,5.3,15.78,8.2,1.55,197.7 S,144.2 SE,386,44.47,3.1,4.56,
CEPAB,22581,2011-11-10,0,18.5,6.6,11.64,16.8,7.53,348.2 NO,12.8 N,386.56,56.75,2.9,4.94,
CEPAB,22581,2011-11-11,0,22.4,2,12.25,6.8,2.08,151.2 SE,244.1 SO,386.74,60.16,2.6,4.32,
CEPAB,22581,2011-11-12,0,24.4,4.6,15.19,7.6,2.01,248.9 SO,220.1 S,390.37,48.11,3,4.77,
CEPAB,22581,2011-11-13,0,25.2,3,15,5.9,1.32,216.9 S,210.3 S,390.85,47.07,3,4.72,
CEPAB,22581,2011-11-14,0,24.1,5.1,14.52,11,2.44,198.8 S,217 S,317.66,49.72,2.4,4.22,
CEPAB,22581,2011-11-15,0,23.2,7.7,15.47,13.6,3.81,265.5 SO,216.8 S,370.46,50.12,3.1,4.71,
CEPAB,22581,2011-11-16,0,23.9,3.7,13.87,3.8,0.56,120.5 E,157.7 SE,383.26,49.83,2.8,4.32,
CEPAB,22581,2011-11-17,0,22.1,5.8,13.88,13.8,3.06,,83.8 NE,307.27,49.57,2.4,4.15,
CEPAB,22581,2011-11-18,0,23.2,5.7,14.09,5.5,0.83,199.3 S,161.6 SE,321.3,60.38,2.2,3.73,
CEPAB,22581,2011-11-19,0,24.9,6.7,15.14,4.6,0.73,215.6 S,91.1 E,336.38,51.62,2.4,4.08,
CEPAB,22581,2011-11-20,0,26.6,7,16.84,4.7,0.96,356 NO,174.4 SE,365.47,48.02,2.7,4.41,
CEPAB,22581,2011-11-21,0,25.7,8.7,17.4,3.4,0.72,190.9 S,132.1 E,346.25,46.3,2.4,4.19,
CEPAB,22581,2011-11-22,0,26.4,7.3,16.57,4,0.64,14.7 N,33.3 N,357.53,48.28,2.4,4.15,
CEPAB,22581,2011-11-23,0,23.4,7.4,15.9,6.1,1.74,4.5 N,21.3 N,347.7,52.75,2.4,4.03,
CEPAB,22581,2011-11-24,0,24.5,4.8,15.25,3.3,0.51,354.8 NO,67.8 NE,357.67,49.68,2.5,4.04,
CEPAB,22581,2011-11-25,0,25.3,4.2,15.35,9,2.24,274.2 O,227.8 SO,361.08,41.97,2.9,4.61,
CEPAB,22581,2011-11-26,0,22.6,5.8,14.09,17.9,2.89,16.3 N,34.4 N,331,56.26,2.3,4.07,
CEPAB,22581,2011-11-27,0,10.5,2.3,6.6,22.6,13.31,34 N,14.8 N,243.81,42.59,1.8,5.11,
CEPAB,22581,2011-11-28,0,16.6,-5.1,5.32,13.4,4.72,39.4 N,8.7 N,361.93,24.58,2.3,5.71,
CEPAB,22581,2011-11-29,0,20.5,-6.3,6.67,5.9,0.98,338.3 NO,13.9 N,353.37,28.66,2.2,5.03,
CEPAB,22581,2011-11-30,0,22,-3.8,8.8,6,0.81,11.1 N,45.3 NE,351.89,22.94,2.2,5.29,
CEPAB,22581,2011-12-01,0,23.8,-1,11.05,9.8,1.43,263.3 SO,251.9 SO,326.8,29.06,2.4,5.1,
CEPAB,22581,2011-12-02,0,24.1,2.2,13.48,7.2,1.47,192 S,154.3 SE,318.17,33.15,2.4,4.83,
CEPAB,22581,2011-12-03,0,24.6,3.4,14.21,9.9,2.34,215.6 S,199 S,310.54,39.07,2.4,4.66,
CEPAB,22581,2011-12-04,0,24.8,2.2,14.21,9.4,2.29,233.1 SO,208.6 S,316.27,39.34,2.6,4.56,
CEPAB,22581,2011-12-05,0,24.8,3,14.71,12,2.62,240.9 SO,225.3 SO,316.69,42.93,2.5,4.46,
CEPAB,22581,2011-12-06,0,24.8,2.7,13.65,12.5,1.72,247.6 SO,231.1 SO,313.01,37.01,2.4,4.39,
CEPAB,22581,2011-12-07,0,20.2,4.4,12.06,13,3.23,5.8 N,8.8 N,287.8,41.51,1.9,4.22,
CEPAB,22581,2011-12-08,0,24,1.4,12.4,6.9,1.68,218.2 S,222.3 S,294.93,54.64,2.3,3.87,
CEPAB,22581,2011-12-09,0,23.1,2.7,13.01,3.3,0.58,188 S,91.1 E,300.91,44.55,2.1,3.99,
CEPAB,22581,2011-12-10,0,21.6,4.1,12.87,5,1.05,106.6 E,98.6 E,299.73,52.07,1.8,3.89,
CEPAB,22581,2011-12-11,0,21.3,4,12.91,4.8,0.98,186.6 S,161.3 SE,294.27,59.67,1.7,3.66,
CEPAB,22581,2011-12-12,0,22.4,4.1,13.27,4.8,0.75,206.3 S,141.5 SE,285.32,58.31,1.7,3.6,
CEPAB,22581,2011-12-13,0,22.9,4.1,13.57,3.6,0.82,204.9 S,132.7 E,297.52,54.81,1.9,3.77,
CEPAB,22581,2011-12-14,0,24.5,3.6,13.68,9.3,1.3,253.2 SO,128.1 E,289.52,50.05,2,3.92,
CEPAB,22581,2011-12-15,0,24.5,1.9,13.36,8.8,1.46,235.9 SO,186.3 S,298.13,41.42,2.3,4.18,
CEPAB,22581,2011-12-16,0,23.1,3.5,13.53,5.5,1.12,212.8 S,139 SE,290.92,46.66,1.9,3.91,
CEPAB,22581,2011-12-17,0,22.7,5.7,14.28,4.4,1.22,137.2 SE,,282.02,61.4,1.8,3.53,
CEPAB,22581,2011-12-18,0,22,7.3,14.56,4.7,1.12,84.1 NE,172.9 SE,303.56,58.18,2,3.71,
CEPAB,22581,2011-12-19,0,22.9,5,14.1,12,4.04,242.8 SO,229.8 SO,292.48,49.73,2.6,4.25,
CEPAB,22581,2011-12-20,0,22.3,4.2,13.57,10.5,3.02,293 O,222.2 S,292.48,50.07,2.4,4.05,
CEPAB,22581,2011-12-21,0,21.8,4.6,12.98,12.7,3.24,232.2 SO,206.7 S,298.08,48.84,2.4,4.16,
CEPAB,22581,2011-12-22,0,20.9,6,13.18,5.6,1.78,194.9 S,174.7 SE,302.87,50.33,1.8,3.96,
CEPAB,22581,2011-12-23,0,22.9,1.9,12.68,7.8,2.21,209.6 S,200.9 S,304.13,46.81,2.4,4.19,
CEPAB,22581,2011-12-24,0,23.1,2.9,12.74,7.7,2.05,230.9 SO,194.8 S,283.07,45.5,2.1,4.07,
CEPAB,22581,2011-12-25,0,22.3,2.1,11.8,12.7,3.59,356.8 NO,65.9 NE,307.35,43.68,2.1,4.53,
CEPAB,22581,2011-12-26,0,23.2,3,13.35,12.1,2.9,12.7 N,249.2 SO,273.33,43.86,2.4,4.23,
CEPAB,22581,2011-12-27,0,21.4,2.7,12.25,10.9,2.71,,8.7 N,308.48,25.51,2.2,4.84,
CEPAB,22581,2011-12-28,0,24.6,1.8,12.97,10.5,1.73,285.4 O,4.3 N,295.91,31.22,2.3,4.54,
CEPAB,22581,2011-12-29,0,23.5,4.2,13.72,6.8,2.06,17 N,23.6 N,309.78,24.34,2.2,4.8,
CEPAB,22581,2011-12-30,0,22.8,3.8,13.46,3.6,0.43,324.5 NO,60.7 NE,266.58,43.4,1.5,3.72,
CEPAB,22581,2011-12-31,0,24.1,4.6,14.7,7.3,1.29,342.9 NO,48.4 NE,311.66,42.16,2.2,4.22,
CEPAB,22581,2012-01-01,0,23.5,6,14.23,14.5,4.48,87.5 NE,54.4 NE,263.11,53.17,2.5,4.03,
CEPAB,22581,2012-01-02,0,18.1,7.4,12.35,12.6,4.31,85.5 NE,43.2 N,212.35,64.14,1.6,3.09,
CEPAB,22581,2012-01-03,0,17.5,2.4,9.78,8,2.86,352.4 NO,352.2 NO,303.68,60.41,1.9,3.83,
CEPAB,22581,2012-01-04,0,20.4,-0.8,9.48,8,1.48,2.4 N,32.7 N,307.45,49.76,2.1,4.07,
CEPAB,22581,2012-01-05,0,19.8,-0.3,10.13,11.9,2.08,347.5 NO,304.5 O,300.53,39.08,2.1,4.46,
CEPAB,22581,2012-01-06,0,18.5,1.3,10.05,7.5,0.91,350.1 NO,79.7 NE,307.96,55.09,1.8,4.08,
CEPAB,22581,2012-01-07,0,21.6,-0.6,10.61,3.8,0.69,142.6 SE,155.6 SE,315.39,39.78,1.9,4.39,
CEPAB,22581,2012-01-08,0,22.8,4.6,12.88,7.2,1.74,208.5 S,197.1 S,314.94,37.08,2.2,4.63,
CEPAB,22581,2012-01-09,0,20.2,5.1,11.92,8.4,2.34,215.4 S,197.2 S,248.4,35.78,1.7,4.13,
CEPAB,22581,2012-01-10,0,22.8,5.6,13.02,8.3,2.37,244.5 SO,216.2 S,280.09,32.23,2.1,4.51,
CEPAB,22581,2012-01-11,0,23.1,-1.4,10.48,10.9,1.69,297.4 O,17.8 N,339.36,30.19,2.6,4.79,
CEPAB,22581,2012-01-12,0,23.1,-2.2,10.66,6,1.38,253.4 SO,196.5 S,341.39,28.21,2.6,4.84,
CEPAB,22581,2012-01-13,0,22.5,4.2,13.58,10.7,1.71,243.3 SO,215.5 S,275.39,25.62,2,4.51,
CEPAB,22581,2012-01-14,0,18.5,6.3,12.06,8.6,1.22,29.3 N,35.7 N,220.04,41.66,1.2,3.52,
CEPAB,22581,2012-01-15,0,22.5,3.6,12.98,4.8,0.91,332.8 NO,37.3 N,349.28,56.01,2.3,4.19,
CEPAB,22581,2012-01-16,0,23.5,3.6,13.87,3.2,0.66,83.2 NE,,342.01,52.1,2.3,4.14,
CEPAB,22581,2012-01-17,0,24.5,3.7,13.72,5.2,0.77,70.7 NE,50 NE,343.97,39.26,2.4,4.45,
CEPAB,22581,2012-01-18,0,24.3,3.7,13.65,4.7,0.64,64.4 NE,43.6 N,313.34,37.03,2.1,4.22,
CEPAB,22581,2012-01-19,0,24.3,6.8,15.1,3.6,0.79,202.6 S,160.2 SE,297.19,41.01,1.9,4.04,
CEPAB,22581,2012-01-20,0,26,3.2,14.18,6.8,0.92,240.4 SO,146.4 SE,356.73,31.72,2.5,4.7,
CEPAB,22581,2012-01-21,0,26.1,2,14.01,4,0.92,183.1 S,140.4 SE,382.95,27.97,2.8,4.95,
CEPAB,22581,2012-01-22,0,24.8,4.1,14.06,2.2,0.4,122.8 E,111.6 E,284.53,33.79,1.9,3.99,
CEPAB,22581,2012-01-23,0,25.2,2.8,14.57,6.1,1.09,229.8 SO,169.2 SE,357.2,31.31,2.6,4.73,
CEPAB,22581,2012-01-24,0,24.1,3.9,14.79,15.6,4.58,267.1 SO,227.5 SO,358.11,36.68,3.5,5.25,
CEPAB,22581,2012-01-25,0,22.5,6.1,14.06,17.6,4.78,218.9 S,210 S,379.23,35.09,3.3,5.42,
CEPAB,22581,2012-01-26,0,18.4,0,9.24,13.7,4.77,358.7 NO,10.9 N,388.08,31.27,2.9,5.52,
CEPAB,22581,2012-01-27,0,21.5,-1.3,10.32,6.2,1.46,242.8 SO,9.1 N,376.44,27.59,2.7,5.03,
CEPAB,22581,2012-01-28,0,21.4,0.1,11.44,6.3,1.15,,115.2 E,369.13,36.2,2.6,4.84,
CEPAB,22581,2012-01-29,0.2,21.1,3.8,11.08,20.1,3,93.5 E,63.4 NE,278.28,70.61,1.7,3.67,
CEPAB,22581,2012-01-30,0,12.1,8.4,10.13,2.9,0.35,340.6 NO,165.6 SE,117.5,88.54,0.6,1.66,
CEPAB,22581,2012-01-31,0,18.4,5.6,11.91,4.2,0.54,170.9 SE,169.1 SE,290.2,77.4,1.7,3.4,
CEPAB,22581,2012-02-01,0,20.5,6.4,13.68,5.3,0.84,118.9 E,35 N,306.39,68.56,2,3.69,
CEPAB,22581,2012-02-02,0,23.1,6.2,14.31,7.2,1.53,205.3 S,215.1 S,343.11,59.14,2.5,4.18,
CEPAB,22581,2012-02-03,0,24.1,5.7,14.8,8,1.77,221.9 S,196.4 S,386.96,49.42,2.9,4.67,
CEPAB,22581,2012-02-04,0,24.7,3.5,14.6,6.9,1.46,270.2 O,187.2 S,404.38,46.26,2.9,4.76,
CEPAB,22581,2012-02-05,0,20.9,8.4,14.16,5.9,0.85,180.8 S,153.9 SE,242.71,50.54,1.5,3.29,
CEPAB,22581,2012-02-06,0,23.1,4,12.86,10.2,1.66,268.2 SO,209.8 S,357.21,53.64,2.6,4.24,
CEPAB,22581,2012-02-07,0,15.9,6.1,10.44,6,0.85,56.9 NE,152.2 SE,127.85,51.91,0.8,2.19,
CEPAB,22581,2012-02-08,0,19.9,0.2,9.56,13.6,1.76,0.4 N,109.2 E,366.89,63.48,2.6,4.24,
CEPAB,22581,2012-02-09,6.8,18,4.1,10.4,11.1,2.09,244 SO,322.3 NO,362,76.24,2.4,4.13,
CEPAB,22581,2012-02-10,0,15.4,7.8,11.03,3,0.58,198.5 S,196 S,203.33,73.47,1.1,2.84,
CEPAB,22581,2012-02-11,23.6,11.1,8.4,9.6,7.9,2.26,13.9 N,322.8 NO,84.78,88.91,0.1,1.37,
CEPAB,22581,2012-02-12,3.8,16.2,8.4,11.34,13,2.45,231.8 SO,186.5 S,195.1,84.49,1.1,2.62,
CEPAB,22581,2012-02-13,0.2,18.7,6.6,12.73,14.5,3.03,238.1 SO,222.5 S,331,70.06,2.2,4.09,
CEPAB,22581,2012-02-14,0,21.6,9.6,14.41,14.3,3.47,237.3 SO,202.1 S,270.88,70.36,2,3.6,
CEPAB,22581,2012-02-15,3,21.2,10.5,13.94,19.5,3.15,265.9 SO,202.6 S,265.25,73.66,1.8,3.32,
CEPAB,22581,2012-02-16,7.2,16.1,9,12.14,8.6,1.8,209 S,186.5 S,194.13,80.38,1.2,2.37,
CEPAB,22581,2012-02-17,0,20,9.9,14.24,17.1,4.43,265.7 SO,206.4 S,306.61,64.5,2.2,3.94,
CEPAB,22581,2012-02-18,0,22.1,9.2,14.94,14.5,5.14,244.9 SO,216.2 S,439.87,53.79,3.4,5.38,
CEPAB,22581,2012-02-19,0,21.1,4.8,12.51,8.2,1.66,211.1 S,185.4 S,311.28,52.82,2.3,3.94,
CEPAB,22581,2012-02-20,0,23.5,4.2,14.22,9.1,1.96,234.8 SO,196.5 S,386.49,42.9,3,4.8,
CEPAB,22581,2012-02-21,0,23.9,8.3,16.01,9.4,1.47,200.3 S,205.1 S,321.63,51.49,2.5,4.07,
CEPAB,22581,2012-02-22,0,23.9,8,15.73,4,0.86,58.9 NE,78.6 NE,365.21,56.03,2.5,4.16,
CEPAB,22581,2012-02-23,0,24,7.4,15.37,14.1,2.9,237.4 SO,196.8 S,369,53.32,3.1,4.47,
CEPAB,22581,2012-02-24,0,23.8,9.5,16.27,16,4.1,228.4 SO,190.5 S,432.96,50.21,3.7,5.15,
CEPAB,22581,2012-02-25,0,22.5,3.7,13.08,18,4.49,3.1 N,0.1 N,496.55,48.77,3.7,5.69,
CEPAB,22581,2012-02-26,0,25.2,3.2,14.54,8,2.41,244 SO,206.7 S,459.02,50.38,3.8,5.15,
CEPAB,22581,2012-02-27,0,25,7.2,16.2,2.8,0.59,211.5 S,163.1 SE,338.89,37.94,2.4,4.31,
CEPAB,22581,2012-02-28,0,27.2,6.8,17.65,6.2,1,86.7 NE,56.4 NE,488.42,41.26,3.9,5.38,
